,DATA_ITEM,RESOURCE_NAME,OPR_DATE,INTERVAL_NUM,INTERVAL_START_GMT,INTERVAL_END_GMT,VALUE
0,SYS_FCST_DA_MW,AVA,2025-09-09,7,2025-09-09T13:00:00-00:00,2025-09-09T14:00:00-00:00,1077.62
1,SYS_FCST_DA_MW,AVA,2025-09-09,21,2025-09-10T03:00:00-00:00,2025-09-10T04:00:00-00:00,1324.7
2,SYS_FCST_DA_MW,AVA,2025-09-09,2,2025-09-09T08:00:00-00:00,2025-09-09T09:00:00-00:00,912.57
3,SYS_FCST_DA_MW,AVA,2025-09-09,3,2025-09-09T09:00:00-00:00,2025-09-09T10:00:00-00:00,881.07
4,SYS_FCST_DA_MW,AVA,2025-09-09,8,2025-09-09T14:00:00-00:00,2025-09-09T15:00:00-00:00,1146.47
5,SYS_FCST_DA_MW,AVA,2025-09-09,13,2025-09-09T19:00:00-00:00,2025-09-09T20:00:00-00:00,1327.22
6,SYS_FCST_DA_MW,AVA,2025-09-09,18,2025-09-10T00:00:00-00:00,2025-09-10T01:00:00-00:00,1474.12
7,SYS_FCST_DA_MW,AVA,2025-09-09,20,2025-09-10T02:00:00-00:00,2025-09-10T03:00:00-00:00,1392.96
8,SYS_FCST_DA_MW,AVA,2025-09-09,4,2025-09-09T10:00:00-00:00,2025-09-09T11:00:00-00:00,868.58
9,SYS_FCST_DA_MW,AVA,2025-09-09,6,2025-09-09T12:00:00-00:00,2025-09-09T13:00:00-00:00,974.72
10,SYS_FCST_DA_MW,AVA,2025-09-09,9,2025-09-09T15:00:00-00:00,2025-09-09T16:00:00-00:00,1178.43
11,SYS_FCST_DA_MW,AVA,2025-09-09,16,2025-09-09T22:00:00-00:00,2025-09-09T23:00:00-00:00,1437.79
12,SYS_FCST_DA_MW,AVA,2025-09-09,1,2025-09-09T07:00:00-00:00,2025-09-09T08:00:00-00:00,960.88
13,SYS_FCST_DA_MW,AVA,2025-09-09,14,2025-09-09T20:00:00-00:00,2025-09-09T21:00:00-00:00,1372.04
14,SYS_FCST_DA_MW,AVA,2025-09-09,22,2025-09-10T04:00:00-00:00,2025-09-10T05:00:00-00:00,1216.47
15,SYS_FCST_DA_MW,AVA,2025-09-09,23,2025-09-10T05:00:00-00:00,2025-09-10T06:00:00-00:00,1101.87
16,SYS_FCST_DA_MW,AVA,2025-09-09,5,2025-09-09T11:00:00-00:00,2025-09-09T12:00:00-00:00,892.66
17,SYS_FCST_DA_MW,AVA,2025-09-09,10,2025-09-09T16:00:00-00:00,2025-09-09T17:00:00-00:00,1205.59
18,SYS_FCST_DA_MW,AVA,2025-09-09,24,2025-09-10T06:00:00-00:00,2025-09-10T07:00:00-00:00,1002.57
19,SYS_FCST_DA_MW,AVA,2025-09-09,19,2025-09-10T01:00:00-00:00,2025-09-10T02:00:00-00:00,1438.32
20,SYS_FCST_DA_MW,AVA,2025-09-09,11,2025-09-09T17:00:00-00:00,2025-09-09T18:00:00-00:00,1235.98
21,SYS_FCST_DA_MW,AVA,2025-09-09,17,2025-09-09T23:00:00-00:00,2025-09-10T00:00:00-00:00,1465.46
22,SYS_FCST_DA_MW,AVA,2025-09-09,15,2025-09-09T21:00:00-00:00,2025-09-09T22:00:00-00:00,1411.05
23,SYS_FCST_DA_MW,AVA,2025-09-09,12,2025-09-09T18:00:00-00:00,2025-09-09T19:00:00-00:00,1275.64
24,SYS_FCST_DA_MW,AVRN,2025-09-09,3,2025-09-09T09:00:00-00:00,2025-09-09T10:00:00-00:00,0
25,SYS_FCST_DA_MW,AVRN,2025-09-09,16,2025-09-09T22:00:00-00:00,2025-09-09T23:00:00-00:00,0
26,SYS_FCST_DA_MW,AVRN,2025-09-09,22,2025-09-10T04:00:00-00:00,2025-09-10T05:00:00-00:00,0
27,SYS_FCST_DA_MW,AVRN,2025-09-09,2,2025-09-09T08:00:00-00:00,2025-09-09T09:00:00-00:00,0
28,SYS_FCST_DA_MW,AVRN,2025-09-09,15,2025-09-09T21:00:00-00:00,2025-09-09T22:00:00-00:00,0
29,SYS_FCST_DA_MW,AVRN,2025-09-09,24,2025-09-10T06:00:00-00:00,2025-09-10T07:00:00-00:00,0
30,SYS_FCST_DA_MW,AVRN,2025-09-09,5,2025-09-09T11:00:00-00:00,2025-09-09T12:00:00-00:00,0
31,SYS_FCST_DA_MW,AVRN,2025-09-09,21,2025-09-10T03:00:00-00:00,2025-09-10T04:00:00-00:00,0
32,SYS_FCST_DA_MW,AVRN,2025-09-09,9,2025-09-09T15:00:00-00:00,2025-09-09T16:00:00-00:00,0
33,SYS_FCST_DA_MW,AVRN,2025-09-09,10,2025-09-09T16:00:00-00:00,2025-09-09T17:00:00-00:00,0
34,SYS_FCST_DA_MW,AVRN,2025-09-09,11,2025-09-09T17:00:00-00:00,2025-09-09T18:00:00-00:00,0
35,SYS_FCST_DA_MW,AVRN,2025-09-09,14,2025-09-09T20:00:00-00:00,2025-09-09T21:00:00-00:00,0
36,SYS_FCST_DA_MW,AVRN,2025-09-09,1,2025-09-09T07:00:00-00:00,2025-09-09T08:00:00-00:00,0
37,SYS_FCST_DA_MW,AVRN,2025-09-09,4,2025-09-09T10:00:00-00:00,2025-09-09T11:00:00-00:00,0
38,SYS_FCST_DA_MW,AVRN,2025-09-09,7,2025-09-09T13:00:00-00:00,2025-09-09T14:00:00-00:00,0
39,SYS_FCST_DA_MW,AVRN,2025-09-09,12,2025-09-09T18:00:00-00:00,2025-09-09T19:00:00-00:00,0
40,SYS_FCST_DA_MW,AVRN,2025-09-09,23,2025-09-10T05:00:00-00:00,2025-09-10T06:00:00-00:00,0
41,SYS_FCST_DA_MW,AVRN,2025-09-09,6,2025-09-09T12:00:00-00:00,2025-09-09T13:00:00-00:00,0
42,SYS_FCST_DA_MW,AVRN,2025-09-09,8,2025-09-09T14:00:00-00:00,2025-09-09T15:00:00-00:00,0
43,SYS_FCST_DA_MW,AVRN,2025-09-09,13,2025-09-09T19:00:00-00:00,2025-09-09T20:00:00-00:00,0
44,SYS_FCST_DA_MW,AVRN,2025-09-09,17,2025-09-09T23:00:00-00:00,2025-09-10T00:00:00-00:00,0
45,SYS_FCST_DA_MW,AVRN,2025-09-09,18,2025-09-10T00:00:00-00:00,2025-09-10T01:00:00-00:00,0
46,SYS_FCST_DA_MW,AVRN,2025-09-09,19,2025-09-10T01:00:00-00:00,2025-09-10T02:00:00-00:00,0
47,SYS_FCST_DA_MW,AVRN,2025-09-09,20,2025-09-10T02:00:00-00:00,2025-09-10T03:00:00-00:00,0
48,SYS_FCST_DA_MW,AZPS,2025-09-09,4,2025-09-09T10:00:00-00:00,2025-09-09T11:00:00-00:00,4317.89
49,SYS_FCST_DA_MW,AZPS,2025-09-09,21,2025-09-10T03:00:00-00:00,2025-09-10T04:00:00-00:00,6093.09
50,SYS_FCST_DA_MW,AZPS,2025-09-09,24,2025-09-10T06:00:00-00:00,2025-09-10T07:00:00-00:00,4894.16
51,SYS_FCST_DA_MW,AZPS,2025-09-09,2,2025-09-09T08:00:00-00:00,2025-09-09T09:00:00-00:00,4594.47
52,SYS_FCST_DA_MW,AZPS,2025-09-09,13,2025-09-09T19:00:00-00:00,2025-09-09T20:00:00-00:00,5469.93
53,SYS_FCST_DA_MW,AZPS,2025-09-09,19,2025-09-10T01:00:00-00:00,2025-09-10T02:00:00-00:00,6502.83
54,SYS_FCST_DA_MW,AZPS,2025-09-09,5,2025-09-09T11:00:00-00:00,2025-09-09T12:00:00-00:00,4296.99
55,SYS_FCST_DA_MW,AZPS,2025-09-09,8,2025-09-09T14:00:00-00:00,2025-09-09T15:00:00-00:00,4515.43
56,SYS_FCST_DA_MW,AZPS,2025-09-09,10,2025-09-09T16:00:00-00:00,2025-09-09T17:00:00-00:00,4640.88
57,SYS_FCST_DA_MW,AZPS,2025-09-09,18,2025-09-10T00:00:00-00:00,2025-09-10T01:00:00-00:00,6660.41
58,SYS_FCST_DA_MW,AZPS,2025-09-09,22,2025-09-10T04:00:00-00:00,2025-09-10T05:00:00-00:00,5717.15
59,SYS_FCST_DA_MW,AZPS,2025-09-09,7,2025-09-09T13:00:00-00:00,2025-09-09T14:00:00-00:00,4478.07
60,SYS_FCST_DA_MW,AZPS,2025-09-09,14,2025-09-09T20:00:00-00:00,2025-09-09T21:00:00-00:00,5818.23
61,SYS_FCST_DA_MW,AZPS,2025-09-09,20,2025-09-10T02:00:00-00:00,2025-09-10T03:00:00-00:00,6382.8
62,SYS_FCST_DA_MW,AZPS,2025-09-09,1,2025-09-09T07:00:00-00:00,2025-09-09T08:00:00-00:00,4829.46
63,SYS_FCST_DA_MW,AZPS,2025-09-09,3,2025-09-09T09:00:00-00:00,2025-09-09T10:00:00-00:00,4424.19
64,SYS_FCST_DA_MW,AZPS,2025-09-09,9,2025-09-09T15:00:00-00:00,2025-09-09T16:00:00-00:00,4538.63
65,SYS_FCST_DA_MW,AZPS,2025-09-09,16,2025-09-09T22:00:00-00:00,2025-09-09T23:00:00-00:00,6415.13
66,SYS_FCST_DA_MW,AZPS,2025-09-09,17,2025-09-09T23:00:00-00:00,2025-09-10T00:00:00-00:00,6557.63
67,SYS_FCST_DA_MW,AZPS,2025-09-09,23,2025-09-10T05:00:00-00:00,2025-09-10T06:00:00-00:00,5295.15
68,SYS_FCST_DA_MW,AZPS,2025-09-09,11,2025-09-09T17:00:00-00:00,2025-09-09T18:00:00-00:00,4851.12
69,SYS_FCST_DA_MW,AZPS,2025-09-09,15,2025-09-09T21:00:00-00:00,2025-09-09T22:00:00-00:00,6143.15
70,SYS_FCST_DA_MW,AZPS,2025-09-09,12,2025-09-09T18:00:00-00:00,2025-09-09T19:00:00-00:00,5131.82
71,SYS_FCST_DA_MW,AZPS,2025-09-09,6,2025-09-09T12:00:00-00:00,2025-09-09T13:00:00-00:00,4387.5
72,SYS_FCST_DA_MW,BANC,2025-09-09,4,2025-09-09T10:00:00-00:00,2025-09-09T11:00:00-00:00,1540.05
73,SYS_FCST_DA_MW,BANC,2025-09-09,18,2025-09-10T00:00:00-00:00,2025-09-10T01:00:00-00:00,2471.82
74,SYS_FCST_DA_MW,BANC,2025-09-09,8,2025-09-09T14:00:00-00:00,2025-09-09T15:00:00-00:00,1787.29
75,SYS_FCST_DA_MW,BANC,2025-09-09,16,2025-09-09T22:00:00-00:00,2025-09-09T23:00:00-00:00,2456.15
76,SYS_FCST_DA_MW,BANC,2025-09-09,19,2025-09-10T01:00:00-00:00,2025-09-10T02:00:00-00:00,2415.58
77,SYS_FCST_DA_MW,BANC,2025-09-09,20,2025-09-10T02:00:00-00:00,2025-09-10T03:00:00-00:00,2386.32
78,SYS_FCST_DA_MW,BANC,2025-09-09,6,2025-09-09T12:00:00-00:00,2025-09-09T13:00:00-00:00,1628.93
79,SYS_FCST_DA_MW,BANC,2025-09-09,17,2025-09-09T23:00:00-00:00,2025-09-10T00:00:00-00:00,2499.72
80,SYS_FCST_DA_MW,BANC,2025-09-09,1,2025-09-09T07:00:00-00:00,2025-09-09T08:00:00-00:00,1776.61
81,SYS_FCST_DA_MW,BANC,2025-09-09,2,2025-09-09T08:00:00-00:00,2025-09-09T09:00:00-00:00,1663.2
82,SYS_FCST_DA_MW,BANC,2025-09-09,7,2025-09-09T13:00:00-00:00,2025-09-09T14:00:00-00:00,1725.49
83,SYS_FCST_DA_MW,BANC,2025-09-09,23,2025-09-10T05:00:00-00:00,2025-09-10T06:00:00-00:00,1964.77
84,SYS_FCST_DA_MW,BANC,2025-09-09,5,2025-09-09T11:00:00-00:00,2025-09-09T12:00:00-00:00,1562.08
85,SYS_FCST_DA_MW,BANC,2025-09-09,9,2025-09-09T15:00:00-00:00,2025-09-09T16:00:00-00:00,1827.62
86,SYS_FCST_DA_MW,BANC,2025-09-09,12,2025-09-09T18:00:00-00:00,2025-09-09T19:00:00-00:00,1964.79
87,SYS_FCST_DA_MW,BANC,2025-09-09,14,2025-09-09T20:00:00-00:00,2025-09-09T21:00:00-00:00,2195.8
88,SYS_FCST_DA_MW,BANC,2025-09-09,3,2025-09-09T09:00:00-00:00,2025-09-09T10:00:00-00:00,1572.82
89,SYS_FCST_DA_MW,BANC,2025-09-09,10,2025-09-09T16:00:00-00:00,2025-09-09T17:00:00-00:00,1873.69
90,SYS_FCST_DA_MW,BANC,2025-09-09,11,2025-09-09T17:00:00-00:00,2025-09-09T18:00:00-00:00,1908
91,SYS_FCST_DA_MW,BANC,2025-09-09,13,2025-09-09T19:00:00-00:00,2025-09-09T20:00:00-00:00,2059.72
92,SYS_FCST_DA_MW,BANC,2025-09-09,15,2025-09-09T21:00:00-00:00,2025-09-09T22:00:00-00:00,2336.79
93,SYS_FCST_DA_MW,BANC,2025-09-09,21,2025-09-10T03:00:00-00:00,2025-09-10T04:00:00-00:00,2313.71
94,SYS_FCST_DA_MW,BANC,2025-09-09,24,2025-09-10T06:00:00-00:00,2025-09-10T07:00:00-00:00,1778.78
95,SYS_FCST_DA_MW,BANC,2025-09-09,22,2025-09-10T04:00:00-00:00,2025-09-10T05:00:00-00:00,2154.46
96,SYS_FCST_DA_MW,BANCMID,2025-09-09,11,2025-09-09T17:00:00-00:00,2025-09-09T18:00:00-00:00,336.8
97,SYS_FCST_DA_MW,BANCMID,2025-09-09,14,2025-09-09T20:00:00-00:00,2025-09-09T21:00:00-00:00,385.68
98,SYS_FCST_DA_MW,BANCMID,2025-09-09,17,2025-09-09T23:00:00-00:00,2025-09-10T00:00:00-00:00,446.93
99,SYS_FCST_DA_MW,BANCMID,2025-09-09,20,2025-09-10T02:00:00-00:00,2025-09-10T03:00:00-00:00,424.98
100,SYS_FCST_DA_MW,BANCMID,2025-09-09,24,2025-09-10T06:00:00-00:00,2025-09-10T07:00:00-00:00,322.74
101,SYS_FCST_DA_MW,BANCMID,2025-09-09,8,2025-09-09T14:00:00-00:00,2025-09-09T15:00:00-00:00,325.61
102,SYS_FCST_DA_MW,BANCMID,2025-09-09,9,2025-09-09T15:00:00-00:00,2025-09-09T16:00:00-00:00,331.44
103,SYS_FCST_DA_MW,BANCMID,2025-09-09,16,2025-09-09T22:00:00-00:00,2025-09-09T23:00:00-00:00,432.07
104,SYS_FCST_DA_MW,BANCMID,2025-09-09,18,2025-09-10T00:00:00-00:00,2025-09-10T01:00:00-00:00,451.36
105,SYS_FCST_DA_MW,BANCMID,2025-09-09,1,2025-09-09T07:00:00-00:00,2025-09-09T08:00:00-00:00,313.46
106,SYS_FCST_DA_MW,BANCMID,2025-09-09,7,2025-09-09T13:00:00-00:00,2025-09-09T14:00:00-00:00,310.92
107,SYS_FCST_DA_MW,BANCMID,2025-09-09,22,2025-09-10T04:00:00-00:00,2025-09-10T05:00:00-00:00,372.03
108,SYS_FCST_DA_MW,BANCMID,2025-09-09,4,2025-09-09T10:00:00-00:00,2025-09-09T11:00:00-00:00,281.43
109,SYS_FCST_DA_MW,BANCMID,2025-09-09,5,2025-09-09T11:00:00-00:00,2025-09-09T12:00:00-00:00,281.56
110,SYS_FCST_DA_MW,BANCMID,2025-09-09,13,2025-09-09T19:00:00-00:00,2025-09-09T20:00:00-00:00,363.42
111,SYS_FCST_DA_MW,BANCMID,2025-09-09,3,2025-09-09T09:00:00-00:00,2025-09-09T10:00:00-00:00,287.69
112,SYS_FCST_DA_MW,BANCMID,2025-09-09,2,2025-09-09T08:00:00-00:00,2025-09-09T09:00:00-00:00,298.82
113,SYS_FCST_DA_MW,BANCMID,2025-09-09,12,2025-09-09T18:00:00-00:00,2025-09-09T19:00:00-00:00,346.51
114,SYS_FCST_DA_MW,BANCMID,2025-09-09,23,2025-09-10T05:00:00-00:00,2025-09-10T06:00:00-00:00,345.45
115,SYS_FCST_DA_MW,BANCMID,2025-09-09,6,2025-09-09T12:00:00-00:00,2025-09-09T13:00:00-00:00,292.09
116,SYS_FCST_DA_MW,BANCMID,2025-09-09,19,2025-09-10T01:00:00-00:00,2025-09-10T02:00:00-00:00,438.84
117,SYS_FCST_DA_MW,BANCMID,2025-09-09,21,2025-09-10T03:00:00-00:00,2025-09-10T04:00:00-00:00,402.9
118,SYS_FCST_DA_MW,BANCMID,2025-09-09,10,2025-09-09T16:00:00-00:00,2025-09-09T17:00:00-00:00,335.39
119,SYS_FCST_DA_MW,BANCMID,2025-09-09,15,2025-09-09T21:00:00-00:00,2025-09-09T22:00:00-00:00,409.68
120,SYS_FCST_DA_MW,BANCRDNG,2025-09-09,11,2025-09-09T17:00:00-00:00,2025-09-09T18:00:00-00:00,104.55
121,SYS_FCST_DA_MW,BANCRDNG,2025-09-09,1,2025-09-09T07:00:00-00:00,2025-09-09T08:00:00-00:00,88.16
122,SYS_FCST_DA_MW,BANCRDNG,2025-09-09,14,2025-09-09T20:00:00-00:00,2025-09-09T21:00:00-00:00,117.64
123,SYS_FCST_DA_MW,BANCRDNG,2025-09-09,22,2025-09-10T04:00:00-00:00,2025-09-10T05:00:00-00:00,107.44
124,SYS_FCST_DA_MW,BANCRDNG,2025-09-09,23,2025-09-10T05:00:00-00:00,2025-09-10T06:00:00-00:00,97.93
125,SYS_FCST_DA_MW,BANCRDNG,2025-09-09,2,2025-09-09T08:00:00-00:00,2025-09-09T09:00:00-00:00,83.84
126,SYS_FCST_DA_MW,BANCRDNG,2025-09-09,20,2025-09-10T02:00:00-00:00,2025-09-10T03:00:00-00:00,122.89
127,SYS_FCST_DA_MW,BANCRDNG,2025-09-09,6,2025-09-09T12:00:00-00:00,2025-09-09T13:00:00-00:00,85.45
128,SYS_FCST_DA_MW,BANCRDNG,2025-09-09,12,2025-09-09T18:00:00-00:00,2025-09-09T19:00:00-00:00,107.09
129,SYS_FCST_DA_MW,BANCRDNG,2025-09-09,16,2025-09-09T22:00:00-00:00,2025-09-09T23:00:00-00:00,130.7
130,SYS_FCST_DA_MW,BANCRDNG,2025-09-09,18,2025-09-10T00:00:00-00:00,2025-09-10T01:00:00-00:00,136.03
131,SYS_FCST_DA_MW,BANCRDNG,2025-09-09,19,2025-09-10T01:00:00-00:00,2025-09-10T02:00:00-00:00,130.69
132,SYS_FCST_DA_MW,BANCRDNG,2025-09-09,10,2025-09-09T16:00:00-00:00,2025-09-09T17:00:00-00:00,104.05
133,SYS_FCST_DA_MW,BANCRDNG,2025-09-09,15,2025-09-09T21:00:00-00:00,2025-09-09T22:00:00-00:00,124.32
134,SYS_FCST_DA_MW,BANCRDNG,2025-09-09,24,2025-09-10T06:00:00-00:00,2025-09-10T07:00:00-00:00,90.24
135,SYS_FCST_DA_MW,BANCRDNG,2025-09-09,3,2025-09-09T09:00:00-00:00,2025-09-09T10:00:00-00:00,80.8
136,SYS_FCST_DA_MW,BANCRDNG,2025-09-09,7,2025-09-09T13:00:00-00:00,2025-09-09T14:00:00-00:00,94.41
137,SYS_FCST_DA_MW,BANCRDNG,2025-09-09,8,2025-09-09T14:00:00-00:00,2025-09-09T15:00:00-00:00,100.29
138,SYS_FCST_DA_MW,BANCRDNG,2025-09-09,17,2025-09-09T23:00:00-00:00,2025-09-10T00:00:00-00:00,134.93
139,SYS_FCST_DA_MW,BANCRDNG,2025-09-09,4,2025-09-09T10:00:00-00:00,2025-09-09T11:00:00-00:00,78.94
140,SYS_FCST_DA_MW,BANCRDNG,2025-09-09,5,2025-09-09T11:00:00-00:00,2025-09-09T12:00:00-00:00,80.12
141,SYS_FCST_DA_MW,BANCRDNG,2025-09-09,9,2025-09-09T15:00:00-00:00,2025-09-09T16:00:00-00:00,103.06
142,SYS_FCST_DA_MW,BANCRDNG,2025-09-09,21,2025-09-10T03:00:00-00:00,2025-09-10T04:00:00-00:00,117.03
143,SYS_FCST_DA_MW,BANCRDNG,2025-09-09,13,2025-09-09T19:00:00-00:00,2025-09-09T20:00:00-00:00,111.68
144,SYS_FCST_DA_MW,BANCRSVL,2025-09-09,8,2025-09-09T14:00:00-00:00,2025-09-09T15:00:00-00:00,128.64
145,SYS_FCST_DA_MW,BANCRSVL,2025-09-09,9,2025-09-09T15:00:00-00:00,2025-09-09T16:00:00-00:00,133.18
146,SYS_FCST_DA_MW,BANCRSVL,2025-09-09,11,2025-09-09T17:00:00-00:00,2025-09-09T18:00:00-00:00,141.86
147,SYS_FCST_DA_MW,BANCRSVL,2025-09-09,12,2025-09-09T18:00:00-00:00,2025-09-09T19:00:00-00:00,143.58
148,SYS_FCST_DA_MW,BANCRSVL,2025-09-09,6,2025-09-09T12:00:00-00:00,2025-09-09T13:00:00-00:00,115.31
149,SYS_FCST_DA_MW,BANCRSVL,2025-09-09,13,2025-09-09T19:00:00-00:00,2025-09-09T20:00:00-00:00,148.68
150,SYS_FCST_DA_MW,BANCRSVL,2025-09-09,17,2025-09-09T23:00:00-00:00,2025-09-10T00:00:00-00:00,200.2
151,SYS_FCST_DA_MW,BANCRSVL,2025-09-09,21,2025-09-10T03:00:00-00:00,2025-09-10T04:00:00-00:00,187.2
152,SYS_FCST_DA_MW,BANCRSVL,2025-09-09,1,2025-09-09T07:00:00-00:00,2025-09-09T08:00:00-00:00,132.88
153,SYS_FCST_DA_MW,BANCRSVL,2025-09-09,15,2025-09-09T21:00:00-00:00,2025-09-09T22:00:00-00:00,172.56
154,SYS_FCST_DA_MW,BANCRSVL,2025-09-09,4,2025-09-09T10:00:00-00:00,2025-09-09T11:00:00-00:00,110.39
155,SYS_FCST_DA_MW,BANCRSVL,2025-09-09,7,2025-09-09T13:00:00-00:00,2025-09-09T14:00:00-00:00,124.9
156,SYS_FCST_DA_MW,BANCRSVL,2025-09-09,10,2025-09-09T16:00:00-00:00,2025-09-09T17:00:00-00:00,137.98
157,SYS_FCST_DA_MW,BANCRSVL,2025-09-09,2,2025-09-09T08:00:00-00:00,2025-09-09T09:00:00-00:00,122.69
158,SYS_FCST_DA_MW,BANCRSVL,2025-09-09,3,2025-09-09T09:00:00-00:00,2025-09-09T10:00:00-00:00,114.83
159,SYS_FCST_DA_MW,BANCRSVL,2025-09-09,24,2025-09-10T06:00:00-00:00,2025-09-10T07:00:00-00:00,133.35
160,SYS_FCST_DA_MW,BANCRSVL,2025-09-09,16,2025-09-09T22:00:00-00:00,2025-09-09T23:00:00-00:00,186.53
161,SYS_FCST_DA_MW,BANCRSVL,2025-09-09,20,2025-09-10T02:00:00-00:00,2025-09-10T03:00:00-00:00,197.72
162,SYS_FCST_DA_MW,BANCRSVL,2025-09-09,22,2025-09-10T04:00:00-00:00,2025-09-10T05:00:00-00:00,169.87
163,SYS_FCST_DA_MW,BANCRSVL,2025-09-09,23,2025-09-10T05:00:00-00:00,2025-09-10T06:00:00-00:00,150.63
164,SYS_FCST_DA_MW,BANCRSVL,2025-09-09,14,2025-09-09T20:00:00-00:00,2025-09-09T21:00:00-00:00,159.73
165,SYS_FCST_DA_MW,BANCRSVL,2025-09-09,18,2025-09-10T00:00:00-00:00,2025-09-10T01:00:00-00:00,208.84
166,SYS_FCST_DA_MW,BANCRSVL,2025-09-09,19,2025-09-10T01:00:00-00:00,2025-09-10T02:00:00-00:00,204.9
167,SYS_FCST_DA_MW,BANCRSVL,2025-09-09,5,2025-09-09T11:00:00-00:00,2025-09-09T12:00:00-00:00,110.25
168,SYS_FCST_DA_MW,BANCSMUD,2025-09-09,7,2025-09-09T13:00:00-00:00,2025-09-09T14:00:00-00:00,1159.79
169,SYS_FCST_DA_MW,BANCSMUD,2025-09-09,9,2025-09-09T15:00:00-00:00,2025-09-09T16:00:00-00:00,1221.29
170,SYS_FCST_DA_MW,BANCSMUD,2025-09-09,23,2025-09-10T05:00:00-00:00,2025-09-10T06:00:00-00:00,1319.2
171,SYS_FCST_DA_MW,BANCSMUD,2025-09-09,6,2025-09-09T12:00:00-00:00,2025-09-09T13:00:00-00:00,1098.97
172,SYS_FCST_DA_MW,BANCSMUD,2025-09-09,5,2025-09-09T11:00:00-00:00,2025-09-09T12:00:00-00:00,1046.42
173,SYS_FCST_DA_MW,BANCSMUD,2025-09-09,21,2025-09-10T03:00:00-00:00,2025-09-10T04:00:00-00:00,1543.11
174,SYS_FCST_DA_MW,BANCSMUD,2025-09-09,16,2025-09-09T22:00:00-00:00,2025-09-09T23:00:00-00:00,1668.53
175,SYS_FCST_DA_MW,BANCSMUD,2025-09-09,15,2025-09-09T21:00:00-00:00,2025-09-09T22:00:00-00:00,1593.76
176,SYS_FCST_DA_MW,BANCSMUD,2025-09-09,8,2025-09-09T14:00:00-00:00,2025-09-09T15:00:00-00:00,1192.24
177,SYS_FCST_DA_MW,BANCSMUD,2025-09-09,2,2025-09-09T08:00:00-00:00,2025-09-09T09:00:00-00:00,1112.04
178,SYS_FCST_DA_MW,BANCSMUD,2025-09-09,3,2025-09-09T09:00:00-00:00,2025-09-09T10:00:00-00:00,1049.87
179,SYS_FCST_DA_MW,BANCSMUD,2025-09-09,17,2025-09-09T23:00:00-00:00,2025-09-10T00:00:00-00:00,1677.05
180,SYS_FCST_DA_MW,BANCSMUD,2025-09-09,14,2025-09-09T20:00:00-00:00,2025-09-09T21:00:00-00:00,1497.93
181,SYS_FCST_DA_MW,BANCSMUD,2025-09-09,13,2025-09-09T19:00:00-00:00,2025-09-09T20:00:00-00:00,1402.73
182,SYS_FCST_DA_MW,BANCSMUD,2025-09-09,1,2025-09-09T07:00:00-00:00,2025-09-09T08:00:00-00:00,1195.02
183,SYS_FCST_DA_MW,BANCSMUD,2025-09-09,22,2025-09-10T04:00:00-00:00,2025-09-10T05:00:00-00:00,1449.39
184,SYS_FCST_DA_MW,BANCSMUD,2025-09-09,18,2025-09-10T00:00:00-00:00,2025-09-10T01:00:00-00:00,1624.52
185,SYS_FCST_DA_MW,BANCSMUD,2025-09-09,11,2025-09-09T17:00:00-00:00,2025-09-09T18:00:00-00:00,1292.11
186,SYS_FCST_DA_MW,BANCSMUD,2025-09-09,20,2025-09-10T02:00:00-00:00,2025-09-10T03:00:00-00:00,1571.05
187,SYS_FCST_DA_MW,BANCSMUD,2025-09-09,19,2025-09-10T01:00:00-00:00,2025-09-10T02:00:00-00:00,1580.82
188,SYS_FCST_DA_MW,BANCSMUD,2025-09-09,24,2025-09-10T06:00:00-00:00,2025-09-10T07:00:00-00:00,1194.77
189,SYS_FCST_DA_MW,BANCSMUD,2025-09-09,12,2025-09-09T18:00:00-00:00,2025-09-09T19:00:00-00:00,1334.78
190,SYS_FCST_DA_MW,BANCSMUD,2025-09-09,4,2025-09-09T10:00:00-00:00,2025-09-09T11:00:00-00:00,1027.99
191,SYS_FCST_DA_MW,BANCSMUD,2025-09-09,10,2025-09-09T16:00:00-00:00,2025-09-09T17:00:00-00:00,1263.8
192,SYS_FCST_DA_MW,BANCWASN,2025-09-09,13,2025-09-09T19:00:00-00:00,2025-09-09T20:00:00-00:00,28.2
193,SYS_FCST_DA_MW,BANCWASN,2025-09-09,2,2025-09-09T08:00:00-00:00,2025-09-09T09:00:00-00:00,24.82
194,SYS_FCST_DA_MW,BANCWASN,2025-09-09,10,2025-09-09T16:00:00-00:00,2025-09-09T17:00:00-00:00,27.46
195,SYS_FCST_DA_MW,BANCWASN,2025-09-09,5,2025-09-09T11:00:00-00:00,2025-09-09T12:00:00-00:00,23.73
196,SYS_FCST_DA_MW,BANCWASN,2025-09-09,21,2025-09-10T03:00:00-00:00,2025-09-10T04:00:00-00:00,32.46
197,SYS_FCST_DA_MW,BANCWASN,2025-09-09,11,2025-09-09T17:00:00-00:00,2025-09-09T18:00:00-00:00,27.67
198,SYS_FCST_DA_MW,BANCWASN,2025-09-09,14,2025-09-09T20:00:00-00:00,2025-09-09T21:00:00-00:00,29.8
199,SYS_FCST_DA_MW,BANCWASN,2025-09-09,12,2025-09-09T18:00:00-00:00,2025-09-09T19:00:00-00:00,27.83
200,SYS_FCST_DA_MW,BANCWASN,2025-09-09,18,2025-09-10T00:00:00-00:00,2025-09-10T01:00:00-00:00,37.08
201,SYS_FCST_DA_MW,BANCWASN,2025-09-09,8,2025-09-09T14:00:00-00:00,2025-09-09T15:00:00-00:00,27.51
202,SYS_FCST_DA_MW,BANCWASN,2025-09-09,4,2025-09-09T10:00:00-00:00,2025-09-09T11:00:00-00:00,23.3
203,SYS_FCST_DA_MW,BANCWASN,2025-09-09,1,2025-09-09T07:00:00-00:00,2025-09-09T08:00:00-00:00,25.11
204,SYS_FCST_DA_MW,BANCWASN,2025-09-09,19,2025-09-10T01:00:00-00:00,2025-09-10T02:00:00-00:00,36.34
205,SYS_FCST_DA_MW,BANCWASN,2025-09-09,3,2025-09-09T09:00:00-00:00,2025-09-09T10:00:00-00:00,23.63
206,SYS_FCST_DA_MW,BANCWASN,2025-09-09,9,2025-09-09T15:00:00-00:00,2025-09-09T16:00:00-00:00,28.65
207,SYS_FCST_DA_MW,BANCWASN,2025-09-09,7,2025-09-09T13:00:00-00:00,2025-09-09T14:00:00-00:00,26.46
208,SYS_FCST_DA_MW,BANCWASN,2025-09-09,17,2025-09-09T23:00:00-00:00,2025-09-10T00:00:00-00:00,35.62
209,SYS_FCST_DA_MW,BANCWASN,2025-09-09,22,2025-09-10T04:00:00-00:00,2025-09-10T05:00:00-00:00,31.73
210,SYS_FCST_DA_MW,BANCWASN,2025-09-09,6,2025-09-09T12:00:00-00:00,2025-09-09T13:00:00-00:00,25.1
211,SYS_FCST_DA_MW,BANCWASN,2025-09-09,24,2025-09-10T06:00:00-00:00,2025-09-10T07:00:00-00:00,26.68
212,SYS_FCST_DA_MW,BANCWASN,2025-09-09,20,2025-09-10T02:00:00-00:00,2025-09-10T03:00:00-00:00,35.68
213,SYS_FCST_DA_MW,BANCWASN,2025-09-09,16,2025-09-09T22:00:00-00:00,2025-09-09T23:00:00-00:00,33.33
214,SYS_FCST_DA_MW,BANCWASN,2025-09-09,15,2025-09-09T21:00:00-00:00,2025-09-09T22:00:00-00:00,31.47
215,SYS_FCST_DA_MW,BANCWASN,2025-09-09,23,2025-09-10T05:00:00-00:00,2025-09-10T06:00:00-00:00,27.55
216,SYS_FCST_DA_MW,BPAT,2025-09-09,7,2025-09-09T13:00:00-00:00,2025-09-09T14:00:00-00:00,5916.51
217,SYS_FCST_DA_MW,BPAT,2025-09-09,20,2025-09-10T02:00:00-00:00,2025-09-10T03:00:00-00:00,6667.91
218,SYS_FCST_DA_MW,BPAT,2025-09-09,13,2025-09-09T19:00:00-00:00,2025-09-09T20:00:00-00:00,6314.54
219,SYS_FCST_DA_MW,BPAT,2025-09-09,19,2025-09-10T01:00:00-00:00,2025-09-10T02:00:00-00:00,6682.27
220,SYS_FCST_DA_MW,BPAT,2025-09-09,21,2025-09-10T03:00:00-00:00,2025-09-10T04:00:00-00:00,6549.15
221,SYS_FCST_DA_MW,BPAT,2025-09-09,9,2025-09-09T15:00:00-00:00,2025-09-09T16:00:00-00:00,6207.89
222,SYS_FCST_DA_MW,BPAT,2025-09-09,16,2025-09-09T22:00:00-00:00,2025-09-09T23:00:00-00:00,6451.13
223,SYS_FCST_DA_MW,BPAT,2025-09-09,24,2025-09-10T06:00:00-00:00,2025-09-10T07:00:00-00:00,5493.19
224,SYS_FCST_DA_MW,BPAT,2025-09-09,1,2025-09-09T07:00:00-00:00,2025-09-09T08:00:00-00:00,5282.24
225,SYS_FCST_DA_MW,BPAT,2025-09-09,14,2025-09-09T20:00:00-00:00,2025-09-09T21:00:00-00:00,6359.81
226,SYS_FCST_DA_MW,BPAT,2025-09-09,23,2025-09-10T05:00:00-00:00,2025-09-10T06:00:00-00:00,5830.01
227,SYS_FCST_DA_MW,BPAT,2025-09-09,5,2025-09-09T11:00:00-00:00,2025-09-09T12:00:00-00:00,5151.2
228,SYS_FCST_DA_MW,BPAT,2025-09-09,6,2025-09-09T12:00:00-00:00,2025-09-09T13:00:00-00:00,5472.61
229,SYS_FCST_DA_MW,BPAT,2025-09-09,8,2025-09-09T14:00:00-00:00,2025-09-09T15:00:00-00:00,6165.87
230,SYS_FCST_DA_MW,BPAT,2025-09-09,22,2025-09-10T04:00:00-00:00,2025-09-10T05:00:00-00:00,6220.23
231,SYS_FCST_DA_MW,BPAT,2025-09-09,3,2025-09-09T09:00:00-00:00,2025-09-09T10:00:00-00:00,5063.35
232,SYS_FCST_DA_MW,BPAT,2025-09-09,11,2025-09-09T17:00:00-00:00,2025-09-09T18:00:00-00:00,6226.8
233,SYS_FCST_DA_MW,BPAT,2025-09-09,17,2025-09-09T23:00:00-00:00,2025-09-10T00:00:00-00:00,6552.86
234,SYS_FCST_DA_MW,BPAT,2025-09-09,18,2025-09-10T00:00:00-00:00,2025-09-10T01:00:00-00:00,6668.54
235,SYS_FCST_DA_MW,BPAT,2025-09-09,4,2025-09-09T10:00:00-00:00,2025-09-09T11:00:00-00:00,5039.03
236,SYS_FCST_DA_MW,BPAT,2025-09-09,12,2025-09-09T18:00:00-00:00,2025-09-09T19:00:00-00:00,6258.23
237,SYS_FCST_DA_MW,BPAT,2025-09-09,2,2025-09-09T08:00:00-00:00,2025-09-09T09:00:00-00:00,5146.23
238,SYS_FCST_DA_MW,BPAT,2025-09-09,15,2025-09-09T21:00:00-00:00,2025-09-09T22:00:00-00:00,6393.8
239,SYS_FCST_DA_MW,BPAT,2025-09-09,10,2025-09-09T16:00:00-00:00,2025-09-09T17:00:00-00:00,6223.14
240,SYS_FCST_DA_MW,CA ISO-TAC,2025-09-09,6,2025-09-09T12:00:00-00:00,2025-09-09T13:00:00-00:00,24150.01
241,SYS_FCST_DA_MW,CA ISO-TAC,2025-09-09,12,2025-09-09T18:00:00-00:00,2025-09-09T19:00:00-00:00,25635.11
242,SYS_FCST_DA_MW,CA ISO-TAC,2025-09-09,18,2025-09-10T00:00:00-00:00,2025-09-10T01:00:00-00:00,32508.97
243,SYS_FCST_DA_MW,CA ISO-TAC,2025-09-09,20,2025-09-10T02:00:00-00:00,2025-09-10T03:00:00-00:00,32616.41
244,SYS_FCST_DA_MW,CA ISO-TAC,2025-09-09,22,2025-09-10T04:00:00-00:00,2025-09-10T05:00:00-00:00,30754.4
245,SYS_FCST_DA_MW,CA ISO-TAC,2025-09-09,2,2025-09-09T08:00:00-00:00,2025-09-09T09:00:00-00:00,24760.66
246,SYS_FCST_DA_MW,CA ISO-TAC,2025-09-09,5,2025-09-09T11:00:00-00:00,2025-09-09T12:00:00-00:00,23161.12
247,SYS_FCST_DA_MW,CA ISO-TAC,2025-09-09,14,2025-09-09T20:00:00-00:00,2025-09-09T21:00:00-00:00,26944.19
248,SYS_FCST_DA_MW,CA ISO-TAC,2025-09-09,24,2025-09-10T06:00:00-00:00,2025-09-10T07:00:00-00:00,26756.03
249,SYS_FCST_DA_MW,CA ISO-TAC,2025-09-09,16,2025-09-09T22:00:00-00:00,2025-09-09T23:00:00-00:00,29884.1
250,SYS_FCST_DA_MW,CA ISO-TAC,2025-09-09,23,2025-09-10T05:00:00-00:00,2025-09-10T06:00:00-00:00,28823.46
251,SYS_FCST_DA_MW,CA ISO-TAC,2025-09-09,1,2025-09-09T07:00:00-00:00,2025-09-09T08:00:00-00:00,26098.78
252,SYS_FCST_DA_MW,CA ISO-TAC,2025-09-09,4,2025-09-09T10:00:00-00:00,2025-09-09T11:00:00-00:00,23076.1
253,SYS_FCST_DA_MW,CA ISO-TAC,2025-09-09,7,2025-09-09T13:00:00-00:00,2025-09-09T14:00:00-00:00,25689.89
254,SYS_FCST_DA_MW,CA ISO-TAC,2025-09-09,10,2025-09-09T16:00:00-00:00,2025-09-09T17:00:00-00:00,26286.59
255,SYS_FCST_DA_MW,CA ISO-TAC,2025-09-09,11,2025-09-09T17:00:00-00:00,2025-09-09T18:00:00-00:00,25744.11
256,SYS_FCST_DA_MW,CA ISO-TAC,2025-09-09,13,2025-09-09T19:00:00-00:00,2025-09-09T20:00:00-00:00,25990.5
257,SYS_FCST_DA_MW,CA ISO-TAC,2025-09-09,15,2025-09-09T21:00:00-00:00,2025-09-09T22:00:00-00:00,28200.78
258,SYS_FCST_DA_MW,CA ISO-TAC,2025-09-09,3,2025-09-09T09:00:00-00:00,2025-09-09T10:00:00-00:00,23677.23
259,SYS_FCST_DA_MW,CA ISO-TAC,2025-09-09,8,2025-09-09T14:00:00-00:00,2025-09-09T15:00:00-00:00,26532.5
260,SYS_FCST_DA_MW,CA ISO-TAC,2025-09-09,17,2025-09-09T23:00:00-00:00,2025-09-10T00:00:00-00:00,31334.46
261,SYS_FCST_DA_MW,CA ISO-TAC,2025-09-09,19,2025-09-10T01:00:00-00:00,2025-09-10T02:00:00-00:00,32633.12
262,SYS_FCST_DA_MW,CA ISO-TAC,2025-09-09,21,2025-09-10T03:00:00-00:00,2025-09-10T04:00:00-00:00,31887.57
263,SYS_FCST_DA_MW,CA ISO-TAC,2025-09-09,9,2025-09-09T15:00:00-00:00,2025-09-09T16:00:00-00:00,26758.72
264,SYS_FCST_DA_MW,EPE,2025-09-09,16,2025-09-09T22:00:00-00:00,2025-09-09T23:00:00-00:00,1873.99
265,SYS_FCST_DA_MW,EPE,2025-09-09,17,2025-09-09T23:00:00-00:00,2025-09-10T00:00:00-00:00,1863.24
266,SYS_FCST_DA_MW,EPE,2025-09-09,8,2025-09-09T14:00:00-00:00,2025-09-09T15:00:00-00:00,1072.87
267,SYS_FCST_DA_MW,EPE,2025-09-09,20,2025-09-10T02:00:00-00:00,2025-09-10T03:00:00-00:00,1569.85
268,SYS_FCST_DA_MW,EPE,2025-09-09,1,2025-09-09T07:00:00-00:00,2025-09-09T08:00:00-00:00,1012.29
269,SYS_FCST_DA_MW,EPE,2025-09-09,4,2025-09-09T10:00:00-00:00,2025-09-09T11:00:00-00:00,936
270,SYS_FCST_DA_MW,EPE,2025-09-09,13,2025-09-09T19:00:00-00:00,2025-09-09T20:00:00-00:00,1623.36
271,SYS_FCST_DA_MW,EPE,2025-09-09,18,2025-09-10T00:00:00-00:00,2025-09-10T01:00:00-00:00,1781.27
272,SYS_FCST_DA_MW,EPE,2025-09-09,19,2025-09-10T01:00:00-00:00,2025-09-10T02:00:00-00:00,1672.3
273,SYS_FCST_DA_MW,EPE,2025-09-09,11,2025-09-09T17:00:00-00:00,2025-09-09T18:00:00-00:00,1353.67
274,SYS_FCST_DA_MW,EPE,2025-09-09,22,2025-09-10T04:00:00-00:00,2025-09-10T05:00:00-00:00,1316.97
275,SYS_FCST_DA_MW,EPE,2025-09-09,3,2025-09-09T09:00:00-00:00,2025-09-09T10:00:00-00:00,935.86
276,SYS_FCST_DA_MW,EPE,2025-09-09,6,2025-09-09T12:00:00-00:00,2025-09-09T13:00:00-00:00,1009.63
277,SYS_FCST_DA_MW,EPE,2025-09-09,9,2025-09-09T15:00:00-00:00,2025-09-09T16:00:00-00:00,1139.18
278,SYS_FCST_DA_MW,EPE,2025-09-09,21,2025-09-10T03:00:00-00:00,2025-09-10T04:00:00-00:00,1456.46
279,SYS_FCST_DA_MW,EPE,2025-09-09,24,2025-09-10T06:00:00-00:00,2025-09-10T07:00:00-00:00,1095.67
280,SYS_FCST_DA_MW,EPE,2025-09-09,10,2025-09-09T16:00:00-00:00,2025-09-09T17:00:00-00:00,1233.35
281,SYS_FCST_DA_MW,EPE,2025-09-09,12,2025-09-09T18:00:00-00:00,2025-09-09T19:00:00-00:00,1488.62
282,SYS_FCST_DA_MW,EPE,2025-09-09,15,2025-09-09T21:00:00-00:00,2025-09-09T22:00:00-00:00,1823.79
283,SYS_FCST_DA_MW,EPE,2025-09-09,23,2025-09-10T05:00:00-00:00,2025-09-10T06:00:00-00:00,1192.17
284,SYS_FCST_DA_MW,EPE,2025-09-09,2,2025-09-09T08:00:00-00:00,2025-09-09T09:00:00-00:00,964.45
285,SYS_FCST_DA_MW,EPE,2025-09-09,5,2025-09-09T11:00:00-00:00,2025-09-09T12:00:00-00:00,957.13
286,SYS_FCST_DA_MW,EPE,2025-09-09,14,2025-09-09T20:00:00-00:00,2025-09-09T21:00:00-00:00,1738.12
287,SYS_FCST_DA_MW,EPE,2025-09-09,7,2025-09-09T13:00:00-00:00,2025-09-09T14:00:00-00:00,1026.19
288,SYS_FCST_DA_MW,IPCO,2025-09-09,20,2025-09-10T02:00:00-00:00,2025-09-10T03:00:00-00:00,2710.56
289,SYS_FCST_DA_MW,IPCO,2025-09-09,22,2025-09-10T04:00:00-00:00,2025-09-10T05:00:00-00:00,2387.42
290,SYS_FCST_DA_MW,IPCO,2025-09-09,10,2025-09-09T16:00:00-00:00,2025-09-09T17:00:00-00:00,2380.74
291,SYS_FCST_DA_MW,IPCO,2025-09-09,2,2025-09-09T08:00:00-00:00,2025-09-09T09:00:00-00:00,1976.39
292,SYS_FCST_DA_MW,IPCO,2025-09-09,3,2025-09-09T09:00:00-00:00,2025-09-09T10:00:00-00:00,1944.28
293,SYS_FCST_DA_MW,IPCO,2025-09-09,5,2025-09-09T11:00:00-00:00,2025-09-09T12:00:00-00:00,2007.7
294,SYS_FCST_DA_MW,IPCO,2025-09-09,11,2025-09-09T17:00:00-00:00,2025-09-09T18:00:00-00:00,2416.64
295,SYS_FCST_DA_MW,IPCO,2025-09-09,7,2025-09-09T13:00:00-00:00,2025-09-09T14:00:00-00:00,2222.02
296,SYS_FCST_DA_MW,IPCO,2025-09-09,15,2025-09-09T21:00:00-00:00,2025-09-09T22:00:00-00:00,2626.18
297,SYS_FCST_DA_MW,IPCO,2025-09-09,18,2025-09-10T00:00:00-00:00,2025-09-10T01:00:00-00:00,2783.24
298,SYS_FCST_DA_MW,IPCO,2025-09-09,13,2025-09-09T19:00:00-00:00,2025-09-09T20:00:00-00:00,2500.92
299,SYS_FCST_DA_MW,IPCO,2025-09-09,14,2025-09-09T20:00:00-00:00,2025-09-09T21:00:00-00:00,2560.95
300,SYS_FCST_DA_MW,IPCO,2025-09-09,4,2025-09-09T10:00:00-00:00,2025-09-09T11:00:00-00:00,1945.68
301,SYS_FCST_DA_MW,IPCO,2025-09-09,24,2025-09-10T06:00:00-00:00,2025-09-10T07:00:00-00:00,2075.14
302,SYS_FCST_DA_MW,IPCO,2025-09-09,1,2025-09-09T07:00:00-00:00,2025-09-09T08:00:00-00:00,2035.37
303,SYS_FCST_DA_MW,IPCO,2025-09-09,6,2025-09-09T12:00:00-00:00,2025-09-09T13:00:00-00:00,2121.85
304,SYS_FCST_DA_MW,IPCO,2025-09-09,9,2025-09-09T15:00:00-00:00,2025-09-09T16:00:00-00:00,2346.03
305,SYS_FCST_DA_MW,IPCO,2025-09-09,16,2025-09-09T22:00:00-00:00,2025-09-09T23:00:00-00:00,2697.17
306,SYS_FCST_DA_MW,IPCO,2025-09-09,23,2025-09-10T05:00:00-00:00,2025-09-10T06:00:00-00:00,2202.35
307,SYS_FCST_DA_MW,IPCO,2025-09-09,12,2025-09-09T18:00:00-00:00,2025-09-09T19:00:00-00:00,2455.88
308,SYS_FCST_DA_MW,IPCO,2025-09-09,17,2025-09-09T23:00:00-00:00,2025-09-10T00:00:00-00:00,2759.84
309,SYS_FCST_DA_MW,IPCO,2025-09-09,19,2025-09-10T01:00:00-00:00,2025-09-10T02:00:00-00:00,2770.29
310,SYS_FCST_DA_MW,IPCO,2025-09-09,21,2025-09-10T03:00:00-00:00,2025-09-10T04:00:00-00:00,2581.86
311,SYS_FCST_DA_MW,IPCO,2025-09-09,8,2025-09-09T14:00:00-00:00,2025-09-09T15:00:00-00:00,2294.33
312,SYS_FCST_DA_MW,LADWP,2025-09-09,2,2025-09-09T08:00:00-00:00,2025-09-09T09:00:00-00:00,2455.68
313,SYS_FCST_DA_MW,LADWP,2025-09-09,19,2025-09-10T01:00:00-00:00,2025-09-10T02:00:00-00:00,3587.47
314,SYS_FCST_DA_MW,LADWP,2025-09-09,17,2025-09-09T23:00:00-00:00,2025-09-10T00:00:00-00:00,3756.13
315,SYS_FCST_DA_MW,LADWP,2025-09-09,7,2025-09-09T13:00:00-00:00,2025-09-09T14:00:00-00:00,2468.53
316,SYS_FCST_DA_MW,LADWP,2025-09-09,8,2025-09-09T14:00:00-00:00,2025-09-09T15:00:00-00:00,2589.12
317,SYS_FCST_DA_MW,LADWP,2025-09-09,13,2025-09-09T19:00:00-00:00,2025-09-09T20:00:00-00:00,3136.23
318,SYS_FCST_DA_MW,LADWP,2025-09-09,15,2025-09-09T21:00:00-00:00,2025-09-09T22:00:00-00:00,3489.47
319,SYS_FCST_DA_MW,LADWP,2025-09-09,14,2025-09-09T20:00:00-00:00,2025-09-09T21:00:00-00:00,3299.77
320,SYS_FCST_DA_MW,LADWP,2025-09-09,18,2025-09-10T00:00:00-00:00,2025-09-10T01:00:00-00:00,3746.46
321,SYS_FCST_DA_MW,LADWP,2025-09-09,24,2025-09-10T06:00:00-00:00,2025-09-10T07:00:00-00:00,2726.97
322,SYS_FCST_DA_MW,LADWP,2025-09-09,20,2025-09-10T02:00:00-00:00,2025-09-10T03:00:00-00:00,3465.01
323,SYS_FCST_DA_MW,LADWP,2025-09-09,22,2025-09-10T04:00:00-00:00,2025-09-10T05:00:00-00:00,3155.31
324,SYS_FCST_DA_MW,LADWP,2025-09-09,4,2025-09-09T10:00:00-00:00,2025-09-09T11:00:00-00:00,2269.48
325,SYS_FCST_DA_MW,LADWP,2025-09-09,1,2025-09-09T07:00:00-00:00,2025-09-09T08:00:00-00:00,2624.21
326,SYS_FCST_DA_MW,LADWP,2025-09-09,3,2025-09-09T09:00:00-00:00,2025-09-09T10:00:00-00:00,2344.03
327,SYS_FCST_DA_MW,LADWP,2025-09-09,9,2025-09-09T15:00:00-00:00,2025-09-09T16:00:00-00:00,2736.33
328,SYS_FCST_DA_MW,LADWP,2025-09-09,11,2025-09-09T17:00:00-00:00,2025-09-09T18:00:00-00:00,2915.92
329,SYS_FCST_DA_MW,LADWP,2025-09-09,12,2025-09-09T18:00:00-00:00,2025-09-09T19:00:00-00:00,3007.85
330,SYS_FCST_DA_MW,LADWP,2025-09-09,23,2025-09-10T05:00:00-00:00,2025-09-10T06:00:00-00:00,2944.13
331,SYS_FCST_DA_MW,LADWP,2025-09-09,10,2025-09-09T16:00:00-00:00,2025-09-09T17:00:00-00:00,2849.73
332,SYS_FCST_DA_MW,LADWP,2025-09-09,16,2025-09-09T22:00:00-00:00,2025-09-09T23:00:00-00:00,3662.16
333,SYS_FCST_DA_MW,LADWP,2025-09-09,21,2025-09-10T03:00:00-00:00,2025-09-10T04:00:00-00:00,3328.78
334,SYS_FCST_DA_MW,LADWP,2025-09-09,5,2025-09-09T11:00:00-00:00,2025-09-09T12:00:00-00:00,2254.73
335,SYS_FCST_DA_MW,LADWP,2025-09-09,6,2025-09-09T12:00:00-00:00,2025-09-09T13:00:00-00:00,2322.84
336,SYS_FCST_DA_MW,MWD-TAC,2025-09-09,1,2025-09-09T07:00:00-00:00,2025-09-09T08:00:00-00:00,184.45
337,SYS_FCST_DA_MW,MWD-TAC,2025-09-09,24,2025-09-10T06:00:00-00:00,2025-09-10T07:00:00-00:00,184.37
338,SYS_FCST_DA_MW,MWD-TAC,2025-09-09,5,2025-09-09T11:00:00-00:00,2025-09-09T12:00:00-00:00,184.29
339,SYS_FCST_DA_MW,MWD-TAC,2025-09-09,8,2025-09-09T14:00:00-00:00,2025-09-09T15:00:00-00:00,184.37
340,SYS_FCST_DA_MW,MWD-TAC,2025-09-09,13,2025-09-09T19:00:00-00:00,2025-09-09T20:00:00-00:00,184.25
341,SYS_FCST_DA_MW,MWD-TAC,2025-09-09,22,2025-09-10T04:00:00-00:00,2025-09-10T05:00:00-00:00,184.71
342,SYS_FCST_DA_MW,MWD-TAC,2025-09-09,6,2025-09-09T12:00:00-00:00,2025-09-09T13:00:00-00:00,184.01
343,SYS_FCST_DA_MW,MWD-TAC,2025-09-09,14,2025-09-09T20:00:00-00:00,2025-09-09T21:00:00-00:00,184.15
344,SYS_FCST_DA_MW,MWD-TAC,2025-09-09,18,2025-09-10T00:00:00-00:00,2025-09-10T01:00:00-00:00,184.22
345,SYS_FCST_DA_MW,MWD-TAC,2025-09-09,15,2025-09-09T21:00:00-00:00,2025-09-09T22:00:00-00:00,184.5
346,SYS_FCST_DA_MW,MWD-TAC,2025-09-09,16,2025-09-09T22:00:00-00:00,2025-09-09T23:00:00-00:00,184.52
347,SYS_FCST_DA_MW,MWD-TAC,2025-09-09,17,2025-09-09T23:00:00-00:00,2025-09-10T00:00:00-00:00,184.2
348,SYS_FCST_DA_MW,MWD-TAC,2025-09-09,3,2025-09-09T09:00:00-00:00,2025-09-09T10:00:00-00:00,188.03
349,SYS_FCST_DA_MW,MWD-TAC,2025-09-09,4,2025-09-09T10:00:00-00:00,2025-09-09T11:00:00-00:00,184.37
350,SYS_FCST_DA_MW,MWD-TAC,2025-09-09,7,2025-09-09T13:00:00-00:00,2025-09-09T14:00:00-00:00,184.49
351,SYS_FCST_DA_MW,MWD-TAC,2025-09-09,10,2025-09-09T16:00:00-00:00,2025-09-09T17:00:00-00:00,184.25
352,SYS_FCST_DA_MW,MWD-TAC,2025-09-09,11,2025-09-09T17:00:00-00:00,2025-09-09T18:00:00-00:00,184.29
353,SYS_FCST_DA_MW,MWD-TAC,2025-09-09,19,2025-09-10T01:00:00-00:00,2025-09-10T02:00:00-00:00,184.35
354,SYS_FCST_DA_MW,MWD-TAC,2025-09-09,21,2025-09-10T03:00:00-00:00,2025-09-10T04:00:00-00:00,192.26
355,SYS_FCST_DA_MW,MWD-TAC,2025-09-09,9,2025-09-09T15:00:00-00:00,2025-09-09T16:00:00-00:00,184.3
356,SYS_FCST_DA_MW,MWD-TAC,2025-09-09,12,2025-09-09T18:00:00-00:00,2025-09-09T19:00:00-00:00,184.3
357,SYS_FCST_DA_MW,MWD-TAC,2025-09-09,20,2025-09-10T02:00:00-00:00,2025-09-10T03:00:00-00:00,184.42
358,SYS_FCST_DA_MW,MWD-TAC,2025-09-09,23,2025-09-10T05:00:00-00:00,2025-09-10T06:00:00-00:00,184.33
359,SYS_FCST_DA_MW,MWD-TAC,2025-09-09,2,2025-09-09T08:00:00-00:00,2025-09-09T09:00:00-00:00,185.15
360,SYS_FCST_DA_MW,NEVP,2025-09-09,7,2025-09-09T13:00:00-00:00,2025-09-09T14:00:00-00:00,4232.86
361,SYS_FCST_DA_MW,NEVP,2025-09-09,15,2025-09-09T21:00:00-00:00,2025-09-09T22:00:00-00:00,5781.77
362,SYS_FCST_DA_MW,NEVP,2025-09-09,12,2025-09-09T18:00:00-00:00,2025-09-09T19:00:00-00:00,4899.39
363,SYS_FCST_DA_MW,NEVP,2025-09-09,2,2025-09-09T08:00:00-00:00,2025-09-09T09:00:00-00:00,4421.48
364,SYS_FCST_DA_MW,NEVP,2025-09-09,13,2025-09-09T19:00:00-00:00,2025-09-09T20:00:00-00:00,5182.57
365,SYS_FCST_DA_MW,NEVP,2025-09-09,10,2025-09-09T16:00:00-00:00,2025-09-09T17:00:00-00:00,4495.97
366,SYS_FCST_DA_MW,NEVP,2025-09-09,5,2025-09-09T11:00:00-00:00,2025-09-09T12:00:00-00:00,4127.93
367,SYS_FCST_DA_MW,NEVP,2025-09-09,23,2025-09-10T05:00:00-00:00,2025-09-10T06:00:00-00:00,5080.21
368,SYS_FCST_DA_MW,NEVP,2025-09-09,22,2025-09-10T04:00:00-00:00,2025-09-10T05:00:00-00:00,5407.61
369,SYS_FCST_DA_MW,NEVP,2025-09-09,18,2025-09-10T00:00:00-00:00,2025-09-10T01:00:00-00:00,6306.11
370,SYS_FCST_DA_MW,NEVP,2025-09-09,8,2025-09-09T14:00:00-00:00,2025-09-09T15:00:00-00:00,4231.82
371,SYS_FCST_DA_MW,NEVP,2025-09-09,4,2025-09-09T10:00:00-00:00,2025-09-09T11:00:00-00:00,4160.03
372,SYS_FCST_DA_MW,NEVP,2025-09-09,21,2025-09-10T03:00:00-00:00,2025-09-10T04:00:00-00:00,5700.92
373,SYS_FCST_DA_MW,NEVP,2025-09-09,20,2025-09-10T02:00:00-00:00,2025-09-10T03:00:00-00:00,5960.14
374,SYS_FCST_DA_MW,NEVP,2025-09-09,14,2025-09-09T20:00:00-00:00,2025-09-09T21:00:00-00:00,5488.7
375,SYS_FCST_DA_MW,NEVP,2025-09-09,3,2025-09-09T09:00:00-00:00,2025-09-09T10:00:00-00:00,4259.78
376,SYS_FCST_DA_MW,NEVP,2025-09-09,24,2025-09-10T06:00:00-00:00,2025-09-10T07:00:00-00:00,4749.05
377,SYS_FCST_DA_MW,NEVP,2025-09-09,17,2025-09-09T23:00:00-00:00,2025-09-10T00:00:00-00:00,6290.17
378,SYS_FCST_DA_MW,NEVP,2025-09-09,16,2025-09-09T22:00:00-00:00,2025-09-09T23:00:00-00:00,6051.35
379,SYS_FCST_DA_MW,NEVP,2025-09-09,9,2025-09-09T15:00:00-00:00,2025-09-09T16:00:00-00:00,4340.87
380,SYS_FCST_DA_MW,NEVP,2025-09-09,1,2025-09-09T07:00:00-00:00,2025-09-09T08:00:00-00:00,4645.23
381,SYS_FCST_DA_MW,NEVP,2025-09-09,6,2025-09-09T12:00:00-00:00,2025-09-09T13:00:00-00:00,4189.82
382,SYS_FCST_DA_MW,NEVP,2025-09-09,11,2025-09-09T17:00:00-00:00,2025-09-09T18:00:00-00:00,4688.68
383,SYS_FCST_DA_MW,NEVP,2025-09-09,19,2025-09-10T01:00:00-00:00,2025-09-10T02:00:00-00:00,6119.92
384,SYS_FCST_DA_MW,NWMT,2025-09-09,18,2025-09-10T00:00:00-00:00,2025-09-10T01:00:00-00:00,1476.23
385,SYS_FCST_DA_MW,NWMT,2025-09-09,3,2025-09-09T09:00:00-00:00,2025-09-09T10:00:00-00:00,1057.09
386,SYS_FCST_DA_MW,NWMT,2025-09-09,5,2025-09-09T11:00:00-00:00,2025-09-09T12:00:00-00:00,1115.64
387,SYS_FCST_DA_MW,NWMT,2025-09-09,10,2025-09-09T16:00:00-00:00,2025-09-09T17:00:00-00:00,1304.46
388,SYS_FCST_DA_MW,NWMT,2025-09-09,4,2025-09-09T10:00:00-00:00,2025-09-09T11:00:00-00:00,1069.25
389,SYS_FCST_DA_MW,NWMT,2025-09-09,15,2025-09-09T21:00:00-00:00,2025-09-09T22:00:00-00:00,1452.01
390,SYS_FCST_DA_MW,NWMT,2025-09-09,11,2025-09-09T17:00:00-00:00,2025-09-09T18:00:00-00:00,1322.97
391,SYS_FCST_DA_MW,NWMT,2025-09-09,23,2025-09-10T05:00:00-00:00,2025-09-10T06:00:00-00:00,1181.69
392,SYS_FCST_DA_MW,NWMT,2025-09-09,21,2025-09-10T03:00:00-00:00,2025-09-10T04:00:00-00:00,1358.42
393,SYS_FCST_DA_MW,NWMT,2025-09-09,17,2025-09-09T23:00:00-00:00,2025-09-10T00:00:00-00:00,1485.56
394,SYS_FCST_DA_MW,NWMT,2025-09-09,13,2025-09-09T19:00:00-00:00,2025-09-09T20:00:00-00:00,1384.94
395,SYS_FCST_DA_MW,NWMT,2025-09-09,8,2025-09-09T14:00:00-00:00,2025-09-09T15:00:00-00:00,1270.09
396,SYS_FCST_DA_MW,NWMT,2025-09-09,7,2025-09-09T13:00:00-00:00,2025-09-09T14:00:00-00:00,1251.99
397,SYS_FCST_DA_MW,NWMT,2025-09-09,12,2025-09-09T18:00:00-00:00,2025-09-09T19:00:00-00:00,1353.79
398,SYS_FCST_DA_MW,NWMT,2025-09-09,24,2025-09-10T06:00:00-00:00,2025-09-10T07:00:00-00:00,1133.49
399,SYS_FCST_DA_MW,NWMT,2025-09-09,20,2025-09-10T02:00:00-00:00,2025-09-10T03:00:00-00:00,1441.05
400,SYS_FCST_DA_MW,NWMT,2025-09-09,16,2025-09-09T22:00:00-00:00,2025-09-09T23:00:00-00:00,1476.6
401,SYS_FCST_DA_MW,NWMT,2025-09-09,6,2025-09-09T12:00:00-00:00,2025-09-09T13:00:00-00:00,1200.06
402,SYS_FCST_DA_MW,NWMT,2025-09-09,1,2025-09-09T07:00:00-00:00,2025-09-09T08:00:00-00:00,1093.62
403,SYS_FCST_DA_MW,NWMT,2025-09-09,2,2025-09-09T08:00:00-00:00,2025-09-09T09:00:00-00:00,1070.38
404,SYS_FCST_DA_MW,NWMT,2025-09-09,22,2025-09-10T04:00:00-00:00,2025-09-10T05:00:00-00:00,1263.54
405,SYS_FCST_DA_MW,NWMT,2025-09-09,9,2025-09-09T15:00:00-00:00,2025-09-09T16:00:00-00:00,1282.29
406,SYS_FCST_DA_MW,NWMT,2025-09-09,19,2025-09-10T01:00:00-00:00,2025-09-10T02:00:00-00:00,1470.42
407,SYS_FCST_DA_MW,NWMT,2025-09-09,14,2025-09-09T20:00:00-00:00,2025-09-09T21:00:00-00:00,1418.85
408,SYS_FCST_DA_MW,PACE,2025-09-09,24,2025-09-10T06:00:00-00:00,2025-09-10T07:00:00-00:00,5657
409,SYS_FCST_DA_MW,PACE,2025-09-09,13,2025-09-09T19:00:00-00:00,2025-09-09T20:00:00-00:00,7080
410,SYS_FCST_DA_MW,PACE,2025-09-09,3,2025-09-09T09:00:00-00:00,2025-09-09T10:00:00-00:00,5158
411,SYS_FCST_DA_MW,PACE,2025-09-09,12,2025-09-09T18:00:00-00:00,2025-09-09T19:00:00-00:00,6804
412,SYS_FCST_DA_MW,PACE,2025-09-09,21,2025-09-10T03:00:00-00:00,2025-09-10T04:00:00-00:00,6803
413,SYS_FCST_DA_MW,PACE,2025-09-09,18,2025-09-10T00:00:00-00:00,2025-09-10T01:00:00-00:00,7668
414,SYS_FCST_DA_MW,PACE,2025-09-09,10,2025-09-09T16:00:00-00:00,2025-09-09T17:00:00-00:00,6329
415,SYS_FCST_DA_MW,PACE,2025-09-09,17,2025-09-09T23:00:00-00:00,2025-09-10T00:00:00-00:00,7845
416,SYS_FCST_DA_MW,PACE,2025-09-09,4,2025-09-09T10:00:00-00:00,2025-09-09T11:00:00-00:00,5187
417,SYS_FCST_DA_MW,PACE,2025-09-09,8,2025-09-09T14:00:00-00:00,2025-09-09T15:00:00-00:00,5946
418,SYS_FCST_DA_MW,PACE,2025-09-09,6,2025-09-09T12:00:00-00:00,2025-09-09T13:00:00-00:00,5560
419,SYS_FCST_DA_MW,PACE,2025-09-09,20,2025-09-10T02:00:00-00:00,2025-09-10T03:00:00-00:00,7137
420,SYS_FCST_DA_MW,PACE,2025-09-09,22,2025-09-10T04:00:00-00:00,2025-09-10T05:00:00-00:00,6422
421,SYS_FCST_DA_MW,PACE,2025-09-09,11,2025-09-09T17:00:00-00:00,2025-09-09T18:00:00-00:00,6543
422,SYS_FCST_DA_MW,PACE,2025-09-09,5,2025-09-09T11:00:00-00:00,2025-09-09T12:00:00-00:00,5331
423,SYS_FCST_DA_MW,PACE,2025-09-09,19,2025-09-10T01:00:00-00:00,2025-09-10T02:00:00-00:00,7346
424,SYS_FCST_DA_MW,PACE,2025-09-09,14,2025-09-09T20:00:00-00:00,2025-09-09T21:00:00-00:00,7405
425,SYS_FCST_DA_MW,PACE,2025-09-09,16,2025-09-09T22:00:00-00:00,2025-09-09T23:00:00-00:00,7822
426,SYS_FCST_DA_MW,PACE,2025-09-09,7,2025-09-09T13:00:00-00:00,2025-09-09T14:00:00-00:00,5758
427,SYS_FCST_DA_MW,PACE,2025-09-09,2,2025-09-09T08:00:00-00:00,2025-09-09T09:00:00-00:00,5260
428,SYS_FCST_DA_MW,PACE,2025-09-09,1,2025-09-09T07:00:00-00:00,2025-09-09T08:00:00-00:00,5435
429,SYS_FCST_DA_MW,PACE,2025-09-09,23,2025-09-10T05:00:00-00:00,2025-09-10T06:00:00-00:00,6014
430,SYS_FCST_DA_MW,PACE,2025-09-09,15,2025-09-09T21:00:00-00:00,2025-09-09T22:00:00-00:00,7667
431,SYS_FCST_DA_MW,PACE,2025-09-09,9,2025-09-09T15:00:00-00:00,2025-09-09T16:00:00-00:00,6120
432,SYS_FCST_DA_MW,PACW,2025-09-09,9,2025-09-09T15:00:00-00:00,2025-09-09T16:00:00-00:00,2354.89
433,SYS_FCST_DA_MW,PACW,2025-09-09,23,2025-09-10T05:00:00-00:00,2025-09-10T06:00:00-00:00,2250.61
434,SYS_FCST_DA_MW,PACW,2025-09-09,17,2025-09-09T23:00:00-00:00,2025-09-10T00:00:00-00:00,2684.25
435,SYS_FCST_DA_MW,PACW,2025-09-09,13,2025-09-09T19:00:00-00:00,2025-09-09T20:00:00-00:00,2536.29
436,SYS_FCST_DA_MW,PACW,2025-09-09,1,2025-09-09T07:00:00-00:00,2025-09-09T08:00:00-00:00,1978.46
437,SYS_FCST_DA_MW,PACW,2025-09-09,20,2025-09-10T02:00:00-00:00,2025-09-10T03:00:00-00:00,2665.58
438,SYS_FCST_DA_MW,PACW,2025-09-09,18,2025-09-10T00:00:00-00:00,2025-09-10T01:00:00-00:00,2685.84
439,SYS_FCST_DA_MW,PACW,2025-09-09,4,2025-09-09T10:00:00-00:00,2025-09-09T11:00:00-00:00,1830.08
440,SYS_FCST_DA_MW,PACW,2025-09-09,15,2025-09-09T21:00:00-00:00,2025-09-09T22:00:00-00:00,2644.68
441,SYS_FCST_DA_MW,PACW,2025-09-09,7,2025-09-09T13:00:00-00:00,2025-09-09T14:00:00-00:00,2208.11
442,SYS_FCST_DA_MW,PACW,2025-09-09,6,2025-09-09T12:00:00-00:00,2025-09-09T13:00:00-00:00,2008.98
443,SYS_FCST_DA_MW,PACW,2025-09-09,3,2025-09-09T09:00:00-00:00,2025-09-09T10:00:00-00:00,1846.73
444,SYS_FCST_DA_MW,PACW,2025-09-09,21,2025-09-10T03:00:00-00:00,2025-09-10T04:00:00-00:00,2603.1
445,SYS_FCST_DA_MW,PACW,2025-09-09,10,2025-09-09T16:00:00-00:00,2025-09-09T17:00:00-00:00,2389.32
446,SYS_FCST_DA_MW,PACW,2025-09-09,2,2025-09-09T08:00:00-00:00,2025-09-09T09:00:00-00:00,1893.33
447,SYS_FCST_DA_MW,PACW,2025-09-09,19,2025-09-10T01:00:00-00:00,2025-09-10T02:00:00-00:00,2679.62
448,SYS_FCST_DA_MW,PACW,2025-09-09,16,2025-09-09T22:00:00-00:00,2025-09-09T23:00:00-00:00,2655.44
449,SYS_FCST_DA_MW,PACW,2025-09-09,14,2025-09-09T20:00:00-00:00,2025-09-09T21:00:00-00:00,2606.03
450,SYS_FCST_DA_MW,PACW,2025-09-09,11,2025-09-09T17:00:00-00:00,2025-09-09T18:00:00-00:00,2429.88
451,SYS_FCST_DA_MW,PACW,2025-09-09,8,2025-09-09T14:00:00-00:00,2025-09-09T15:00:00-00:00,2318.03
452,SYS_FCST_DA_MW,PACW,2025-09-09,5,2025-09-09T11:00:00-00:00,2025-09-09T12:00:00-00:00,1867.81
453,SYS_FCST_DA_MW,PACW,2025-09-09,24,2025-09-10T06:00:00-00:00,2025-09-10T07:00:00-00:00,2089.55
454,SYS_FCST_DA_MW,PACW,2025-09-09,22,2025-09-10T04:00:00-00:00,2025-09-10T05:00:00-00:00,2433.95
455,SYS_FCST_DA_MW,PACW,2025-09-09,12,2025-09-09T18:00:00-00:00,2025-09-09T19:00:00-00:00,2467.87
456,SYS_FCST_DA_MW,PGE,2025-09-09,15,2025-09-09T21:00:00-00:00,2025-09-09T22:00:00-00:00,2798.07
457,SYS_FCST_DA_MW,PGE,2025-09-09,18,2025-09-10T00:00:00-00:00,2025-09-10T01:00:00-00:00,2987.9
458,SYS_FCST_DA_MW,PGE,2025-09-09,7,2025-09-09T13:00:00-00:00,2025-09-09T14:00:00-00:00,2572.77
459,SYS_FCST_DA_MW,PGE,2025-09-09,17,2025-09-09T23:00:00-00:00,2025-09-10T00:00:00-00:00,2927.69
460,SYS_FCST_DA_MW,PGE,2025-09-09,19,2025-09-10T01:00:00-00:00,2025-09-10T02:00:00-00:00,3002.54
461,SYS_FCST_DA_MW,PGE,2025-09-09,3,2025-09-09T09:00:00-00:00,2025-09-09T10:00:00-00:00,2229.69
462,SYS_FCST_DA_MW,PGE,2025-09-09,4,2025-09-09T10:00:00-00:00,2025-09-09T11:00:00-00:00,2212.92
463,SYS_FCST_DA_MW,PGE,2025-09-09,5,2025-09-09T11:00:00-00:00,2025-09-09T12:00:00-00:00,2256.97
464,SYS_FCST_DA_MW,PGE,2025-09-09,16,2025-09-09T22:00:00-00:00,2025-09-09T23:00:00-00:00,2852.13
465,SYS_FCST_DA_MW,PGE,2025-09-09,23,2025-09-10T05:00:00-00:00,2025-09-10T06:00:00-00:00,2659.75
466,SYS_FCST_DA_MW,PGE,2025-09-09,13,2025-09-09T19:00:00-00:00,2025-09-09T20:00:00-00:00,2735.92
467,SYS_FCST_DA_MW,PGE,2025-09-09,9,2025-09-09T15:00:00-00:00,2025-09-09T16:00:00-00:00,2726.98
468,SYS_FCST_DA_MW,PGE,2025-09-09,10,2025-09-09T16:00:00-00:00,2025-09-09T17:00:00-00:00,2709.4
469,SYS_FCST_DA_MW,PGE,2025-09-09,24,2025-09-10T06:00:00-00:00,2025-09-10T07:00:00-00:00,2488.71
470,SYS_FCST_DA_MW,PGE,2025-09-09,11,2025-09-09T17:00:00-00:00,2025-09-09T18:00:00-00:00,2703.48
471,SYS_FCST_DA_MW,PGE,2025-09-09,12,2025-09-09T18:00:00-00:00,2025-09-09T19:00:00-00:00,2714.82
472,SYS_FCST_DA_MW,PGE,2025-09-09,14,2025-09-09T20:00:00-00:00,2025-09-09T21:00:00-00:00,2758.56
473,SYS_FCST_DA_MW,PGE,2025-09-09,20,2025-09-10T02:00:00-00:00,2025-09-10T03:00:00-00:00,2987.75
474,SYS_FCST_DA_MW,PGE,2025-09-09,21,2025-09-10T03:00:00-00:00,2025-09-10T04:00:00-00:00,2958.4
475,SYS_FCST_DA_MW,PGE,2025-09-09,22,2025-09-10T04:00:00-00:00,2025-09-10T05:00:00-00:00,2828.21
476,SYS_FCST_DA_MW,PGE,2025-09-09,1,2025-09-09T07:00:00-00:00,2025-09-09T08:00:00-00:00,2396.79
477,SYS_FCST_DA_MW,PGE,2025-09-09,6,2025-09-09T12:00:00-00:00,2025-09-09T13:00:00-00:00,2383.15
478,SYS_FCST_DA_MW,PGE,2025-09-09,2,2025-09-09T08:00:00-00:00,2025-09-09T09:00:00-00:00,2292.45
479,SYS_FCST_DA_MW,PGE,2025-09-09,8,2025-09-09T14:00:00-00:00,2025-09-09T15:00:00-00:00,2696.8
480,SYS_FCST_DA_MW,PGE-TAC,2025-09-09,4,2025-09-09T10:00:00-00:00,2025-09-09T11:00:00-00:00,10307.71
481,SYS_FCST_DA_MW,PGE-TAC,2025-09-09,11,2025-09-09T17:00:00-00:00,2025-09-09T18:00:00-00:00,11390.66
482,SYS_FCST_DA_MW,PGE-TAC,2025-09-09,21,2025-09-10T03:00:00-00:00,2025-09-10T04:00:00-00:00,13878.63
483,SYS_FCST_DA_MW,PGE-TAC,2025-09-09,12,2025-09-09T18:00:00-00:00,2025-09-09T19:00:00-00:00,11160.33
484,SYS_FCST_DA_MW,PGE-TAC,2025-09-09,15,2025-09-09T21:00:00-00:00,2025-09-09T22:00:00-00:00,11692.21
485,SYS_FCST_DA_MW,PGE-TAC,2025-09-09,24,2025-09-10T06:00:00-00:00,2025-09-10T07:00:00-00:00,11688.09
486,SYS_FCST_DA_MW,PGE-TAC,2025-09-09,8,2025-09-09T14:00:00-00:00,2025-09-09T15:00:00-00:00,12214.61
487,SYS_FCST_DA_MW,PGE-TAC,2025-09-09,7,2025-09-09T13:00:00-00:00,2025-09-09T14:00:00-00:00,11787.06
488,SYS_FCST_DA_MW,PGE-TAC,2025-09-09,1,2025-09-09T07:00:00-00:00,2025-09-09T08:00:00-00:00,11413.78
489,SYS_FCST_DA_MW,PGE-TAC,2025-09-09,23,2025-09-10T05:00:00-00:00,2025-09-10T06:00:00-00:00,12518.76
490,SYS_FCST_DA_MW,PGE-TAC,2025-09-09,20,2025-09-10T02:00:00-00:00,2025-09-10T03:00:00-00:00,14104.95
491,SYS_FCST_DA_MW,PGE-TAC,2025-09-09,19,2025-09-10T01:00:00-00:00,2025-09-10T02:00:00-00:00,14070.79
492,SYS_FCST_DA_MW,PGE-TAC,2025-09-09,17,2025-09-09T23:00:00-00:00,2025-09-10T00:00:00-00:00,12864.54
493,SYS_FCST_DA_MW,PGE-TAC,2025-09-09,14,2025-09-09T20:00:00-00:00,2025-09-09T21:00:00-00:00,11339.45
494,SYS_FCST_DA_MW,PGE-TAC,2025-09-09,2,2025-09-09T08:00:00-00:00,2025-09-09T09:00:00-00:00,10923.68
495,SYS_FCST_DA_MW,PGE-TAC,2025-09-09,16,2025-09-09T22:00:00-00:00,2025-09-09T23:00:00-00:00,12204.34
496,SYS_FCST_DA_MW,PGE-TAC,2025-09-09,13,2025-09-09T19:00:00-00:00,2025-09-09T20:00:00-00:00,11134.58
497,SYS_FCST_DA_MW,PGE-TAC,2025-09-09,10,2025-09-09T16:00:00-00:00,2025-09-09T17:00:00-00:00,11730.37
498,SYS_FCST_DA_MW,PGE-TAC,2025-09-09,9,2025-09-09T15:00:00-00:00,2025-09-09T16:00:00-00:00,12084.1
499,SYS_FCST_DA_MW,PGE-TAC,2025-09-09,18,2025-09-10T00:00:00-00:00,2025-09-10T01:00:00-00:00,13504.3
500,SYS_FCST_DA_MW,PGE-TAC,2025-09-09,6,2025-09-09T12:00:00-00:00,2025-09-09T13:00:00-00:00,10917.94
501,SYS_FCST_DA_MW,PGE-TAC,2025-09-09,5,2025-09-09T11:00:00-00:00,2025-09-09T12:00:00-00:00,10392.92
502,SYS_FCST_DA_MW,PGE-TAC,2025-09-09,3,2025-09-09T09:00:00-00:00,2025-09-09T10:00:00-00:00,10515.27
503,SYS_FCST_DA_MW,PGE-TAC,2025-09-09,22,2025-09-10T04:00:00-00:00,2025-09-10T05:00:00-00:00,13358.1
504,SYS_FCST_DA_MW,PNM,2025-09-09,8,2025-09-09T14:00:00-00:00,2025-09-09T15:00:00-00:00,1456
505,SYS_FCST_DA_MW,PNM,2025-09-09,23,2025-09-10T05:00:00-00:00,2025-09-10T06:00:00-00:00,1662.92
506,SYS_FCST_DA_MW,PNM,2025-09-09,3,2025-09-09T09:00:00-00:00,2025-09-09T10:00:00-00:00,1431.03
507,SYS_FCST_DA_MW,PNM,2025-09-09,6,2025-09-09T12:00:00-00:00,2025-09-09T13:00:00-00:00,1519.66
508,SYS_FCST_DA_MW,PNM,2025-09-09,24,2025-09-10T06:00:00-00:00,2025-09-10T07:00:00-00:00,1570.13
509,SYS_FCST_DA_MW,PNM,2025-09-09,22,2025-09-10T04:00:00-00:00,2025-09-10T05:00:00-00:00,1788.5
510,SYS_FCST_DA_MW,PNM,2025-09-09,21,2025-09-10T03:00:00-00:00,2025-09-10T04:00:00-00:00,1922.76
511,SYS_FCST_DA_MW,PNM,2025-09-09,13,2025-09-09T19:00:00-00:00,2025-09-09T20:00:00-00:00,1828
512,SYS_FCST_DA_MW,PNM,2025-09-09,11,2025-09-09T17:00:00-00:00,2025-09-09T18:00:00-00:00,1613.8
513,SYS_FCST_DA_MW,PNM,2025-09-09,7,2025-09-09T13:00:00-00:00,2025-09-09T14:00:00-00:00,1491.34
514,SYS_FCST_DA_MW,PNM,2025-09-09,9,2025-09-09T15:00:00-00:00,2025-09-09T16:00:00-00:00,1482.43
515,SYS_FCST_DA_MW,PNM,2025-09-09,4,2025-09-09T10:00:00-00:00,2025-09-09T11:00:00-00:00,1427.97
516,SYS_FCST_DA_MW,PNM,2025-09-09,2,2025-09-09T08:00:00-00:00,2025-09-09T09:00:00-00:00,1454.89
517,SYS_FCST_DA_MW,PNM,2025-09-09,19,2025-09-10T01:00:00-00:00,2025-09-10T02:00:00-00:00,2088.6
518,SYS_FCST_DA_MW,PNM,2025-09-09,15,2025-09-09T21:00:00-00:00,2025-09-09T22:00:00-00:00,2060.76
519,SYS_FCST_DA_MW,PNM,2025-09-09,12,2025-09-09T18:00:00-00:00,2025-09-09T19:00:00-00:00,1713.98
520,SYS_FCST_DA_MW,PNM,2025-09-09,17,2025-09-09T23:00:00-00:00,2025-09-10T00:00:00-00:00,2190.78
521,SYS_FCST_DA_MW,PNM,2025-09-09,16,2025-09-09T22:00:00-00:00,2025-09-09T23:00:00-00:00,2153.97
522,SYS_FCST_DA_MW,PNM,2025-09-09,14,2025-09-09T20:00:00-00:00,2025-09-09T21:00:00-00:00,1943.57
523,SYS_FCST_DA_MW,PNM,2025-09-09,1,2025-09-09T07:00:00-00:00,2025-09-09T08:00:00-00:00,1496.08
524,SYS_FCST_DA_MW,PNM,2025-09-09,10,2025-09-09T16:00:00-00:00,2025-09-09T17:00:00-00:00,1533.92
525,SYS_FCST_DA_MW,PNM,2025-09-09,20,2025-09-10T02:00:00-00:00,2025-09-10T03:00:00-00:00,2028.97
526,SYS_FCST_DA_MW,PNM,2025-09-09,18,2025-09-10T00:00:00-00:00,2025-09-10T01:00:00-00:00,2139.47
527,SYS_FCST_DA_MW,PNM,2025-09-09,5,2025-09-09T11:00:00-00:00,2025-09-09T12:00:00-00:00,1465.2
528,SYS_FCST_DA_MW,PSEI,2025-09-09,2,2025-09-09T08:00:00-00:00,2025-09-09T09:00:00-00:00,1946.96
529,SYS_FCST_DA_MW,PSEI,2025-09-09,9,2025-09-09T15:00:00-00:00,2025-09-09T16:00:00-00:00,2536.91
530,SYS_FCST_DA_MW,PSEI,2025-09-09,18,2025-09-10T00:00:00-00:00,2025-09-10T01:00:00-00:00,2810.43
531,SYS_FCST_DA_MW,PSEI,2025-09-09,1,2025-09-09T07:00:00-00:00,2025-09-09T08:00:00-00:00,2053.81
532,SYS_FCST_DA_MW,PSEI,2025-09-09,11,2025-09-09T17:00:00-00:00,2025-09-09T18:00:00-00:00,2585.14
533,SYS_FCST_DA_MW,PSEI,2025-09-09,12,2025-09-09T18:00:00-00:00,2025-09-09T19:00:00-00:00,2592.91
534,SYS_FCST_DA_MW,PSEI,2025-09-09,19,2025-09-10T01:00:00-00:00,2025-09-10T02:00:00-00:00,2803.99
535,SYS_FCST_DA_MW,PSEI,2025-09-09,4,2025-09-09T10:00:00-00:00,2025-09-09T11:00:00-00:00,1864.09
536,SYS_FCST_DA_MW,PSEI,2025-09-09,13,2025-09-09T19:00:00-00:00,2025-09-09T20:00:00-00:00,2602.14
537,SYS_FCST_DA_MW,PSEI,2025-09-09,20,2025-09-10T02:00:00-00:00,2025-09-10T03:00:00-00:00,2801.85
538,SYS_FCST_DA_MW,PSEI,2025-09-09,21,2025-09-10T03:00:00-00:00,2025-09-10T04:00:00-00:00,2791.85
539,SYS_FCST_DA_MW,PSEI,2025-09-09,8,2025-09-09T14:00:00-00:00,2025-09-09T15:00:00-00:00,2474.43
540,SYS_FCST_DA_MW,PSEI,2025-09-09,16,2025-09-09T22:00:00-00:00,2025-09-09T23:00:00-00:00,2651.9
541,SYS_FCST_DA_MW,PSEI,2025-09-09,5,2025-09-09T11:00:00-00:00,2025-09-09T12:00:00-00:00,1918.4
542,SYS_FCST_DA_MW,PSEI,2025-09-09,10,2025-09-09T16:00:00-00:00,2025-09-09T17:00:00-00:00,2566.44
543,SYS_FCST_DA_MW,PSEI,2025-09-09,24,2025-09-10T06:00:00-00:00,2025-09-10T07:00:00-00:00,2208.77
544,SYS_FCST_DA_MW,PSEI,2025-09-09,3,2025-09-09T09:00:00-00:00,2025-09-09T10:00:00-00:00,1881.81
545,SYS_FCST_DA_MW,PSEI,2025-09-09,6,2025-09-09T12:00:00-00:00,2025-09-09T13:00:00-00:00,2071.58
546,SYS_FCST_DA_MW,PSEI,2025-09-09,14,2025-09-09T20:00:00-00:00,2025-09-09T21:00:00-00:00,2622.23
547,SYS_FCST_DA_MW,PSEI,2025-09-09,15,2025-09-09T21:00:00-00:00,2025-09-09T22:00:00-00:00,2633.51
548,SYS_FCST_DA_MW,PSEI,2025-09-09,17,2025-09-09T23:00:00-00:00,2025-09-10T00:00:00-00:00,2726.85
549,SYS_FCST_DA_MW,PSEI,2025-09-09,22,2025-09-10T04:00:00-00:00,2025-09-10T05:00:00-00:00,2639.1
550,SYS_FCST_DA_MW,PSEI,2025-09-09,23,2025-09-10T05:00:00-00:00,2025-09-10T06:00:00-00:00,2419.36
551,SYS_FCST_DA_MW,PSEI,2025-09-09,7,2025-09-09T13:00:00-00:00,2025-09-09T14:00:00-00:00,2318.68
552,SYS_FCST_DA_MW,SCE-TAC,2025-09-09,6,2025-09-09T12:00:00-00:00,2025-09-09T13:00:00-00:00,10809.22
553,SYS_FCST_DA_MW,SCE-TAC,2025-09-09,12,2025-09-09T18:00:00-00:00,2025-09-09T19:00:00-00:00,12462.04
554,SYS_FCST_DA_MW,SCE-TAC,2025-09-09,15,2025-09-09T21:00:00-00:00,2025-09-09T22:00:00-00:00,14183.67
555,SYS_FCST_DA_MW,SCE-TAC,2025-09-09,20,2025-09-10T02:00:00-00:00,2025-09-10T03:00:00-00:00,15252.28
556,SYS_FCST_DA_MW,SCE-TAC,2025-09-09,1,2025-09-09T07:00:00-00:00,2025-09-09T08:00:00-00:00,11970.22
557,SYS_FCST_DA_MW,SCE-TAC,2025-09-09,5,2025-09-09T11:00:00-00:00,2025-09-09T12:00:00-00:00,10426.4
558,SYS_FCST_DA_MW,SCE-TAC,2025-09-09,8,2025-09-09T14:00:00-00:00,2025-09-09T15:00:00-00:00,11682.04
559,SYS_FCST_DA_MW,SCE-TAC,2025-09-09,22,2025-09-10T04:00:00-00:00,2025-09-10T05:00:00-00:00,14355.33
560,SYS_FCST_DA_MW,SCE-TAC,2025-09-09,11,2025-09-09T17:00:00-00:00,2025-09-09T18:00:00-00:00,12210.17
561,SYS_FCST_DA_MW,SCE-TAC,2025-09-09,13,2025-09-09T19:00:00-00:00,2025-09-09T20:00:00-00:00,12850.98
562,SYS_FCST_DA_MW,SCE-TAC,2025-09-09,21,2025-09-10T03:00:00-00:00,2025-09-10T04:00:00-00:00,14842.67
563,SYS_FCST_DA_MW,SCE-TAC,2025-09-09,23,2025-09-10T05:00:00-00:00,2025-09-10T06:00:00-00:00,13472.67
564,SYS_FCST_DA_MW,SCE-TAC,2025-09-09,24,2025-09-10T06:00:00-00:00,2025-09-10T07:00:00-00:00,12454.85
565,SYS_FCST_DA_MW,SCE-TAC,2025-09-09,2,2025-09-09T08:00:00-00:00,2025-09-09T09:00:00-00:00,11254.81
566,SYS_FCST_DA_MW,SCE-TAC,2025-09-09,9,2025-09-09T15:00:00-00:00,2025-09-09T16:00:00-00:00,12091.27
567,SYS_FCST_DA_MW,SCE-TAC,2025-09-09,10,2025-09-09T16:00:00-00:00,2025-09-09T17:00:00-00:00,12212.5
568,SYS_FCST_DA_MW,SCE-TAC,2025-09-09,16,2025-09-09T22:00:00-00:00,2025-09-09T23:00:00-00:00,15094.63
569,SYS_FCST_DA_MW,SCE-TAC,2025-09-09,19,2025-09-10T01:00:00-00:00,2025-09-10T02:00:00-00:00,15312.72
570,SYS_FCST_DA_MW,SCE-TAC,2025-09-09,3,2025-09-09T09:00:00-00:00,2025-09-09T10:00:00-00:00,10710.97
571,SYS_FCST_DA_MW,SCE-TAC,2025-09-09,4,2025-09-09T10:00:00-00:00,2025-09-09T11:00:00-00:00,10405.39
572,SYS_FCST_DA_MW,SCE-TAC,2025-09-09,7,2025-09-09T13:00:00-00:00,2025-09-09T14:00:00-00:00,11333.25
573,SYS_FCST_DA_MW,SCE-TAC,2025-09-09,17,2025-09-09T23:00:00-00:00,2025-09-10T00:00:00-00:00,15604.86
574,SYS_FCST_DA_MW,SCE-TAC,2025-09-09,18,2025-09-10T00:00:00-00:00,2025-09-10T01:00:00-00:00,15880.24
575,SYS_FCST_DA_MW,SCE-TAC,2025-09-09,14,2025-09-09T20:00:00-00:00,2025-09-09T21:00:00-00:00,13512.25
576,SYS_FCST_DA_MW,SCL,2025-09-09,6,2025-09-09T12:00:00-00:00,2025-09-09T13:00:00-00:00,780.22
577,SYS_FCST_DA_MW,SCL,2025-09-09,10,2025-09-09T16:00:00-00:00,2025-09-09T17:00:00-00:00,995.71
578,SYS_FCST_DA_MW,SCL,2025-09-09,14,2025-09-09T20:00:00-00:00,2025-09-09T21:00:00-00:00,1022.97
579,SYS_FCST_DA_MW,SCL,2025-09-09,15,2025-09-09T21:00:00-00:00,2025-09-09T22:00:00-00:00,1019.89
580,SYS_FCST_DA_MW,SCL,2025-09-09,18,2025-09-10T00:00:00-00:00,2025-09-10T01:00:00-00:00,1046.1
581,SYS_FCST_DA_MW,SCL,2025-09-09,22,2025-09-10T04:00:00-00:00,2025-09-10T05:00:00-00:00,966.7
582,SYS_FCST_DA_MW,SCL,2025-09-09,23,2025-09-10T05:00:00-00:00,2025-09-10T06:00:00-00:00,898.9
583,SYS_FCST_DA_MW,SCL,2025-09-09,12,2025-09-09T18:00:00-00:00,2025-09-09T19:00:00-00:00,1006.91
584,SYS_FCST_DA_MW,SCL,2025-09-09,21,2025-09-10T03:00:00-00:00,2025-09-10T04:00:00-00:00,1012.93
585,SYS_FCST_DA_MW,SCL,2025-09-09,24,2025-09-10T06:00:00-00:00,2025-09-10T07:00:00-00:00,828.29
586,SYS_FCST_DA_MW,SCL,2025-09-09,11,2025-09-09T17:00:00-00:00,2025-09-09T18:00:00-00:00,1002.21
587,SYS_FCST_DA_MW,SCL,2025-09-09,4,2025-09-09T10:00:00-00:00,2025-09-09T11:00:00-00:00,715.71
588,SYS_FCST_DA_MW,SCL,2025-09-09,13,2025-09-09T19:00:00-00:00,2025-09-09T20:00:00-00:00,1015.16
589,SYS_FCST_DA_MW,SCL,2025-09-09,16,2025-09-09T22:00:00-00:00,2025-09-09T23:00:00-00:00,1018.63
590,SYS_FCST_DA_MW,SCL,2025-09-09,20,2025-09-10T02:00:00-00:00,2025-09-10T03:00:00-00:00,1022.04
591,SYS_FCST_DA_MW,SCL,2025-09-09,3,2025-09-09T09:00:00-00:00,2025-09-09T10:00:00-00:00,723.58
592,SYS_FCST_DA_MW,SCL,2025-09-09,2,2025-09-09T08:00:00-00:00,2025-09-09T09:00:00-00:00,746.1
593,SYS_FCST_DA_MW,SCL,2025-09-09,5,2025-09-09T11:00:00-00:00,2025-09-09T12:00:00-00:00,729.97
594,SYS_FCST_DA_MW,SCL,2025-09-09,8,2025-09-09T14:00:00-00:00,2025-09-09T15:00:00-00:00,950.02
595,SYS_FCST_DA_MW,SCL,2025-09-09,9,2025-09-09T15:00:00-00:00,2025-09-09T16:00:00-00:00,981.72
596,SYS_FCST_DA_MW,SCL,2025-09-09,7,2025-09-09T13:00:00-00:00,2025-09-09T14:00:00-00:00,874.24
597,SYS_FCST_DA_MW,SCL,2025-09-09,17,2025-09-09T23:00:00-00:00,2025-09-10T00:00:00-00:00,1034.55
598,SYS_FCST_DA_MW,SCL,2025-09-09,19,2025-09-10T01:00:00-00:00,2025-09-10T02:00:00-00:00,1028.32
599,SYS_FCST_DA_MW,SCL,2025-09-09,1,2025-09-09T07:00:00-00:00,2025-09-09T08:00:00-00:00,782.94
600,SYS_FCST_DA_MW,SDGE-TAC,2025-09-09,2,2025-09-09T08:00:00-00:00,2025-09-09T09:00:00-00:00,2349.87
601,SYS_FCST_DA_MW,SDGE-TAC,2025-09-09,11,2025-09-09T17:00:00-00:00,2025-09-09T18:00:00-00:00,1896.36
602,SYS_FCST_DA_MW,SDGE-TAC,2025-09-09,23,2025-09-10T05:00:00-00:00,2025-09-10T06:00:00-00:00,2588.46
603,SYS_FCST_DA_MW,SDGE-TAC,2025-09-09,3,2025-09-09T09:00:00-00:00,2025-09-09T10:00:00-00:00,2218.48
604,SYS_FCST_DA_MW,SDGE-TAC,2025-09-09,15,2025-09-09T21:00:00-00:00,2025-09-09T22:00:00-00:00,2050.45
605,SYS_FCST_DA_MW,SDGE-TAC,2025-09-09,18,2025-09-10T00:00:00-00:00,2025-09-10T01:00:00-00:00,2846.67
606,SYS_FCST_DA_MW,SDGE-TAC,2025-09-09,22,2025-09-10T04:00:00-00:00,2025-09-10T05:00:00-00:00,2789.7
607,SYS_FCST_DA_MW,SDGE-TAC,2025-09-09,17,2025-09-09T23:00:00-00:00,2025-09-10T00:00:00-00:00,2583.39
608,SYS_FCST_DA_MW,SDGE-TAC,2025-09-09,12,2025-09-09T18:00:00-00:00,2025-09-09T19:00:00-00:00,1760.28
609,SYS_FCST_DA_MW,SDGE-TAC,2025-09-09,9,2025-09-09T15:00:00-00:00,2025-09-09T16:00:00-00:00,2345.33
610,SYS_FCST_DA_MW,SDGE-TAC,2025-09-09,14,2025-09-09T20:00:00-00:00,2025-09-09T21:00:00-00:00,1824.97
611,SYS_FCST_DA_MW,SDGE-TAC,2025-09-09,7,2025-09-09T13:00:00-00:00,2025-09-09T14:00:00-00:00,2339.31
612,SYS_FCST_DA_MW,SDGE-TAC,2025-09-09,6,2025-09-09T12:00:00-00:00,2025-09-09T13:00:00-00:00,2193.89
613,SYS_FCST_DA_MW,SDGE-TAC,2025-09-09,4,2025-09-09T10:00:00-00:00,2025-09-09T11:00:00-00:00,2135.1
614,SYS_FCST_DA_MW,SDGE-TAC,2025-09-09,13,2025-09-09T19:00:00-00:00,2025-09-09T20:00:00-00:00,1744.83
615,SYS_FCST_DA_MW,SDGE-TAC,2025-09-09,20,2025-09-10T02:00:00-00:00,2025-09-10T03:00:00-00:00,2993.9
616,SYS_FCST_DA_MW,SDGE-TAC,2025-09-09,8,2025-09-09T14:00:00-00:00,2025-09-09T15:00:00-00:00,2403.82
617,SYS_FCST_DA_MW,SDGE-TAC,2025-09-09,10,2025-09-09T16:00:00-00:00,2025-09-09T17:00:00-00:00,2102.1
618,SYS_FCST_DA_MW,SDGE-TAC,2025-09-09,5,2025-09-09T11:00:00-00:00,2025-09-09T12:00:00-00:00,2114.09
619,SYS_FCST_DA_MW,SDGE-TAC,2025-09-09,1,2025-09-09T07:00:00-00:00,2025-09-09T08:00:00-00:00,2479.86
620,SYS_FCST_DA_MW,SDGE-TAC,2025-09-09,24,2025-09-10T06:00:00-00:00,2025-09-10T07:00:00-00:00,2375.56
621,SYS_FCST_DA_MW,SDGE-TAC,2025-09-09,19,2025-09-10T01:00:00-00:00,2025-09-10T02:00:00-00:00,2978.6
622,SYS_FCST_DA_MW,SDGE-TAC,2025-09-09,16,2025-09-09T22:00:00-00:00,2025-09-09T23:00:00-00:00,2306.45
623,SYS_FCST_DA_MW,SDGE-TAC,2025-09-09,21,2025-09-10T03:00:00-00:00,2025-09-10T04:00:00-00:00,2899.4
624,SYS_FCST_DA_MW,SRP,2025-09-09,21,2025-09-10T03:00:00-00:00,2025-09-10T04:00:00-00:00,6058.79
625,SYS_FCST_DA_MW,SRP,2025-09-09,4,2025-09-09T10:00:00-00:00,2025-09-09T11:00:00-00:00,4257.89
626,SYS_FCST_DA_MW,SRP,2025-09-09,17,2025-09-09T23:00:00-00:00,2025-09-10T00:00:00-00:00,6967.46
627,SYS_FCST_DA_MW,SRP,2025-09-09,2,2025-09-09T08:00:00-00:00,2025-09-09T09:00:00-00:00,4550.52
628,SYS_FCST_DA_MW,SRP,2025-09-09,24,2025-09-10T06:00:00-00:00,2025-09-10T07:00:00-00:00,4844.68
629,SYS_FCST_DA_MW,SRP,2025-09-09,7,2025-09-09T13:00:00-00:00,2025-09-09T14:00:00-00:00,4362.17
630,SYS_FCST_DA_MW,SRP,2025-09-09,22,2025-09-10T04:00:00-00:00,2025-09-10T05:00:00-00:00,5661.41
631,SYS_FCST_DA_MW,SRP,2025-09-09,16,2025-09-09T22:00:00-00:00,2025-09-09T23:00:00-00:00,6891.62
632,SYS_FCST_DA_MW,SRP,2025-09-09,1,2025-09-09T07:00:00-00:00,2025-09-09T08:00:00-00:00,4802.49
633,SYS_FCST_DA_MW,SRP,2025-09-09,19,2025-09-10T01:00:00-00:00,2025-09-10T02:00:00-00:00,6604.77
634,SYS_FCST_DA_MW,SRP,2025-09-09,12,2025-09-09T18:00:00-00:00,2025-09-09T19:00:00-00:00,5807.94
635,SYS_FCST_DA_MW,SRP,2025-09-09,10,2025-09-09T16:00:00-00:00,2025-09-09T17:00:00-00:00,5078.37
636,SYS_FCST_DA_MW,SRP,2025-09-09,3,2025-09-09T09:00:00-00:00,2025-09-09T10:00:00-00:00,4372.24
637,SYS_FCST_DA_MW,SRP,2025-09-09,14,2025-09-09T20:00:00-00:00,2025-09-09T21:00:00-00:00,6535.76
638,SYS_FCST_DA_MW,SRP,2025-09-09,11,2025-09-09T17:00:00-00:00,2025-09-09T18:00:00-00:00,5422.4
639,SYS_FCST_DA_MW,SRP,2025-09-09,23,2025-09-10T05:00:00-00:00,2025-09-10T06:00:00-00:00,5220.28
640,SYS_FCST_DA_MW,SRP,2025-09-09,20,2025-09-10T02:00:00-00:00,2025-09-10T03:00:00-00:00,6349.68
641,SYS_FCST_DA_MW,SRP,2025-09-09,18,2025-09-10T00:00:00-00:00,2025-09-10T01:00:00-00:00,6813.91
642,SYS_FCST_DA_MW,SRP,2025-09-09,15,2025-09-09T21:00:00-00:00,2025-09-09T22:00:00-00:00,6768.87
643,SYS_FCST_DA_MW,SRP,2025-09-09,6,2025-09-09T12:00:00-00:00,2025-09-09T13:00:00-00:00,4307.38
644,SYS_FCST_DA_MW,SRP,2025-09-09,5,2025-09-09T11:00:00-00:00,2025-09-09T12:00:00-00:00,4237.62
645,SYS_FCST_DA_MW,SRP,2025-09-09,13,2025-09-09T19:00:00-00:00,2025-09-09T20:00:00-00:00,6216.95
646,SYS_FCST_DA_MW,SRP,2025-09-09,8,2025-09-09T14:00:00-00:00,2025-09-09T15:00:00-00:00,4529.31
647,SYS_FCST_DA_MW,SRP,2025-09-09,9,2025-09-09T15:00:00-00:00,2025-09-09T16:00:00-00:00,4757.79
648,SYS_FCST_DA_MW,TEPC,2025-09-09,13,2025-09-09T19:00:00-00:00,2025-09-09T20:00:00-00:00,1931.4
649,SYS_FCST_DA_MW,TEPC,2025-09-09,10,2025-09-09T16:00:00-00:00,2025-09-09T17:00:00-00:00,1492.41
650,SYS_FCST_DA_MW,TEPC,2025-09-09,9,2025-09-09T15:00:00-00:00,2025-09-09T16:00:00-00:00,1418.31
651,SYS_FCST_DA_MW,TEPC,2025-09-09,1,2025-09-09T07:00:00-00:00,2025-09-09T08:00:00-00:00,1491.13
652,SYS_FCST_DA_MW,TEPC,2025-09-09,12,2025-09-09T18:00:00-00:00,2025-09-09T19:00:00-00:00,1782.85
653,SYS_FCST_DA_MW,TEPC,2025-09-09,14,2025-09-09T20:00:00-00:00,2025-09-09T21:00:00-00:00,2108.22
654,SYS_FCST_DA_MW,TEPC,2025-09-09,18,2025-09-10T00:00:00-00:00,2025-09-10T01:00:00-00:00,2449.37
655,SYS_FCST_DA_MW,TEPC,2025-09-09,7,2025-09-09T13:00:00-00:00,2025-09-09T14:00:00-00:00,1374.45
656,SYS_FCST_DA_MW,TEPC,2025-09-09,22,2025-09-10T04:00:00-00:00,2025-09-10T05:00:00-00:00,1933.05
657,SYS_FCST_DA_MW,TEPC,2025-09-09,24,2025-09-10T06:00:00-00:00,2025-09-10T07:00:00-00:00,1608.74
658,SYS_FCST_DA_MW,TEPC,2025-09-09,8,2025-09-09T14:00:00-00:00,2025-09-09T15:00:00-00:00,1400.77
659,SYS_FCST_DA_MW,TEPC,2025-09-09,3,2025-09-09T09:00:00-00:00,2025-09-09T10:00:00-00:00,1345.92
660,SYS_FCST_DA_MW,TEPC,2025-09-09,6,2025-09-09T12:00:00-00:00,2025-09-09T13:00:00-00:00,1339.84
661,SYS_FCST_DA_MW,TEPC,2025-09-09,15,2025-09-09T21:00:00-00:00,2025-09-09T22:00:00-00:00,2264.91
662,SYS_FCST_DA_MW,TEPC,2025-09-09,21,2025-09-10T03:00:00-00:00,2025-09-10T04:00:00-00:00,2083.04
663,SYS_FCST_DA_MW,TEPC,2025-09-09,11,2025-09-09T17:00:00-00:00,2025-09-09T18:00:00-00:00,1625.03
664,SYS_FCST_DA_MW,TEPC,2025-09-09,16,2025-09-09T22:00:00-00:00,2025-09-09T23:00:00-00:00,2372.29
665,SYS_FCST_DA_MW,TEPC,2025-09-09,17,2025-09-09T23:00:00-00:00,2025-09-10T00:00:00-00:00,2448.93
666,SYS_FCST_DA_MW,TEPC,2025-09-09,19,2025-09-10T01:00:00-00:00,2025-09-10T02:00:00-00:00,2359.48
667,SYS_FCST_DA_MW,TEPC,2025-09-09,5,2025-09-09T11:00:00-00:00,2025-09-09T12:00:00-00:00,1302.67
668,SYS_FCST_DA_MW,TEPC,2025-09-09,23,2025-09-10T05:00:00-00:00,2025-09-10T06:00:00-00:00,1757.32
669,SYS_FCST_DA_MW,TEPC,2025-09-09,2,2025-09-09T08:00:00-00:00,2025-09-09T09:00:00-00:00,1408.94
670,SYS_FCST_DA_MW,TEPC,2025-09-09,4,2025-09-09T10:00:00-00:00,2025-09-09T11:00:00-00:00,1309.99
671,SYS_FCST_DA_MW,TEPC,2025-09-09,20,2025-09-10T02:00:00-00:00,2025-09-10T03:00:00-00:00,2239.32
672,SYS_FCST_DA_MW,TIDC,2025-09-09,14,2025-09-09T20:00:00-00:00,2025-09-09T21:00:00-00:00,416.23
673,SYS_FCST_DA_MW,TIDC,2025-09-09,18,2025-09-10T00:00:00-00:00,2025-09-10T01:00:00-00:00,478.61
674,SYS_FCST_DA_MW,TIDC,2025-09-09,21,2025-09-10T03:00:00-00:00,2025-09-10T04:00:00-00:00,429.66
675,SYS_FCST_DA_MW,TIDC,2025-09-09,4,2025-09-09T10:00:00-00:00,2025-09-09T11:00:00-00:00,301.54
676,SYS_FCST_DA_MW,TIDC,2025-09-09,6,2025-09-09T12:00:00-00:00,2025-09-09T13:00:00-00:00,318.26
677,SYS_FCST_DA_MW,TIDC,2025-09-09,7,2025-09-09T13:00:00-00:00,2025-09-09T14:00:00-00:00,341.43
678,SYS_FCST_DA_MW,TIDC,2025-09-09,22,2025-09-10T04:00:00-00:00,2025-09-10T05:00:00-00:00,406.28
679,SYS_FCST_DA_MW,TIDC,2025-09-09,23,2025-09-10T05:00:00-00:00,2025-09-10T06:00:00-00:00,373.57
680,SYS_FCST_DA_MW,TIDC,2025-09-09,24,2025-09-10T06:00:00-00:00,2025-09-10T07:00:00-00:00,344.4
681,SYS_FCST_DA_MW,TIDC,2025-09-09,3,2025-09-09T09:00:00-00:00,2025-09-09T10:00:00-00:00,307.2
682,SYS_FCST_DA_MW,TIDC,2025-09-09,11,2025-09-09T17:00:00-00:00,2025-09-09T18:00:00-00:00,359.29
683,SYS_FCST_DA_MW,TIDC,2025-09-09,15,2025-09-09T21:00:00-00:00,2025-09-09T22:00:00-00:00,439.5
684,SYS_FCST_DA_MW,TIDC,2025-09-09,2,2025-09-09T08:00:00-00:00,2025-09-09T09:00:00-00:00,319.53
685,SYS_FCST_DA_MW,TIDC,2025-09-09,8,2025-09-09T14:00:00-00:00,2025-09-09T15:00:00-00:00,356.87
686,SYS_FCST_DA_MW,TIDC,2025-09-09,9,2025-09-09T15:00:00-00:00,2025-09-09T16:00:00-00:00,358.18
687,SYS_FCST_DA_MW,TIDC,2025-09-09,19,2025-09-10T01:00:00-00:00,2025-09-10T02:00:00-00:00,459.85
688,SYS_FCST_DA_MW,TIDC,2025-09-09,20,2025-09-10T02:00:00-00:00,2025-09-10T03:00:00-00:00,443.27
689,SYS_FCST_DA_MW,TIDC,2025-09-09,13,2025-09-09T19:00:00-00:00,2025-09-09T20:00:00-00:00,392.31
690,SYS_FCST_DA_MW,TIDC,2025-09-09,16,2025-09-09T22:00:00-00:00,2025-09-09T23:00:00-00:00,459.13
691,SYS_FCST_DA_MW,TIDC,2025-09-09,1,2025-09-09T07:00:00-00:00,2025-09-09T08:00:00-00:00,337.58
692,SYS_FCST_DA_MW,TIDC,2025-09-09,12,2025-09-09T18:00:00-00:00,2025-09-09T19:00:00-00:00,372.55
693,SYS_FCST_DA_MW,TIDC,2025-09-09,17,2025-09-09T23:00:00-00:00,2025-09-10T00:00:00-00:00,474.5
694,SYS_FCST_DA_MW,TIDC,2025-09-09,5,2025-09-09T11:00:00-00:00,2025-09-09T12:00:00-00:00,304.91
695,SYS_FCST_DA_MW,TIDC,2025-09-09,10,2025-09-09T16:00:00-00:00,2025-09-09T17:00:00-00:00,358.89
696,SYS_FCST_DA_MW,TPWR,2025-09-09,12,2025-09-09T18:00:00-00:00,2025-09-09T19:00:00-00:00,458.19
697,SYS_FCST_DA_MW,TPWR,2025-09-09,22,2025-09-10T04:00:00-00:00,2025-09-10T05:00:00-00:00,489.85
698,SYS_FCST_DA_MW,TPWR,2025-09-09,23,2025-09-10T05:00:00-00:00,2025-09-10T06:00:00-00:00,443.31
699,SYS_FCST_DA_MW,TPWR,2025-09-09,8,2025-09-09T14:00:00-00:00,2025-09-09T15:00:00-00:00,404.24
700,SYS_FCST_DA_MW,TPWR,2025-09-09,11,2025-09-09T17:00:00-00:00,2025-09-09T18:00:00-00:00,446.87
701,SYS_FCST_DA_MW,TPWR,2025-09-09,14,2025-09-09T20:00:00-00:00,2025-09-09T21:00:00-00:00,480.68
702,SYS_FCST_DA_MW,TPWR,2025-09-09,6,2025-09-09T12:00:00-00:00,2025-09-09T13:00:00-00:00,331.46
703,SYS_FCST_DA_MW,TPWR,2025-09-09,10,2025-09-09T16:00:00-00:00,2025-09-09T17:00:00-00:00,435.45
704,SYS_FCST_DA_MW,TPWR,2025-09-09,15,2025-09-09T21:00:00-00:00,2025-09-09T22:00:00-00:00,488.78
705,SYS_FCST_DA_MW,TPWR,2025-09-09,20,2025-09-10T02:00:00-00:00,2025-09-10T03:00:00-00:00,517.79
706,SYS_FCST_DA_MW,TPWR,2025-09-09,3,2025-09-09T09:00:00-00:00,2025-09-09T10:00:00-00:00,322.72
707,SYS_FCST_DA_MW,TPWR,2025-09-09,4,2025-09-09T10:00:00-00:00,2025-09-09T11:00:00-00:00,314.7
708,SYS_FCST_DA_MW,TPWR,2025-09-09,5,2025-09-09T11:00:00-00:00,2025-09-09T12:00:00-00:00,315.37
709,SYS_FCST_DA_MW,TPWR,2025-09-09,1,2025-09-09T07:00:00-00:00,2025-09-09T08:00:00-00:00,357.78
710,SYS_FCST_DA_MW,TPWR,2025-09-09,7,2025-09-09T13:00:00-00:00,2025-09-09T14:00:00-00:00,370.16
711,SYS_FCST_DA_MW,TPWR,2025-09-09,24,2025-09-10T06:00:00-00:00,2025-09-10T07:00:00-00:00,390.56
712,SYS_FCST_DA_MW,TPWR,2025-09-09,2,2025-09-09T08:00:00-00:00,2025-09-09T09:00:00-00:00,337.61
713,SYS_FCST_DA_MW,TPWR,2025-09-09,9,2025-09-09T15:00:00-00:00,2025-09-09T16:00:00-00:00,423.88
714,SYS_FCST_DA_MW,TPWR,2025-09-09,21,2025-09-10T03:00:00-00:00,2025-09-10T04:00:00-00:00,514.73
715,SYS_FCST_DA_MW,TPWR,2025-09-09,13,2025-09-09T19:00:00-00:00,2025-09-09T20:00:00-00:00,469.78
716,SYS_FCST_DA_MW,TPWR,2025-09-09,16,2025-09-09T22:00:00-00:00,2025-09-09T23:00:00-00:00,494.95
717,SYS_FCST_DA_MW,TPWR,2025-09-09,18,2025-09-10T00:00:00-00:00,2025-09-10T01:00:00-00:00,515.75
718,SYS_FCST_DA_MW,TPWR,2025-09-09,19,2025-09-10T01:00:00-00:00,2025-09-10T02:00:00-00:00,520.81
719,SYS_FCST_DA_MW,TPWR,2025-09-09,17,2025-09-09T23:00:00-00:00,2025-09-10T00:00:00-00:00,505.31
720,SYS_FCST_DA_MW,VEA-TAC,2025-09-09,8,2025-09-09T14:00:00-00:00,2025-09-09T15:00:00-00:00,47.66
721,SYS_FCST_DA_MW,VEA-TAC,2025-09-09,10,2025-09-09T16:00:00-00:00,2025-09-09T17:00:00-00:00,57.37
722,SYS_FCST_DA_MW,VEA-TAC,2025-09-09,23,2025-09-10T05:00:00-00:00,2025-09-10T06:00:00-00:00,59.25
723,SYS_FCST_DA_MW,VEA-TAC,2025-09-09,9,2025-09-09T15:00:00-00:00,2025-09-09T16:00:00-00:00,53.73
724,SYS_FCST_DA_MW,VEA-TAC,2025-09-09,16,2025-09-09T22:00:00-00:00,2025-09-09T23:00:00-00:00,94.15
725,SYS_FCST_DA_MW,VEA-TAC,2025-09-09,20,2025-09-10T02:00:00-00:00,2025-09-10T03:00:00-00:00,80.86
726,SYS_FCST_DA_MW,VEA-TAC,2025-09-09,2,2025-09-09T08:00:00-00:00,2025-09-09T09:00:00-00:00,47.15
727,SYS_FCST_DA_MW,VEA-TAC,2025-09-09,15,2025-09-09T21:00:00-00:00,2025-09-09T22:00:00-00:00,89.96
728,SYS_FCST_DA_MW,VEA-TAC,2025-09-09,17,2025-09-09T23:00:00-00:00,2025-09-10T00:00:00-00:00,97.47
729,SYS_FCST_DA_MW,VEA-TAC,2025-09-09,6,2025-09-09T12:00:00-00:00,2025-09-09T13:00:00-00:00,44.96
730,SYS_FCST_DA_MW,VEA-TAC,2025-09-09,7,2025-09-09T13:00:00-00:00,2025-09-09T14:00:00-00:00,45.78
731,SYS_FCST_DA_MW,VEA-TAC,2025-09-09,18,2025-09-10T00:00:00-00:00,2025-09-10T01:00:00-00:00,93.55
732,SYS_FCST_DA_MW,VEA-TAC,2025-09-09,1,2025-09-09T07:00:00-00:00,2025-09-09T08:00:00-00:00,50.48
733,SYS_FCST_DA_MW,VEA-TAC,2025-09-09,3,2025-09-09T09:00:00-00:00,2025-09-09T10:00:00-00:00,44.47
734,SYS_FCST_DA_MW,VEA-TAC,2025-09-09,12,2025-09-09T18:00:00-00:00,2025-09-09T19:00:00-00:00,68.17
735,SYS_FCST_DA_MW,VEA-TAC,2025-09-09,19,2025-09-10T01:00:00-00:00,2025-09-10T02:00:00-00:00,86.66
736,SYS_FCST_DA_MW,VEA-TAC,2025-09-09,24,2025-09-10T06:00:00-00:00,2025-09-10T07:00:00-00:00,53.15
737,SYS_FCST_DA_MW,VEA-TAC,2025-09-09,11,2025-09-09T17:00:00-00:00,2025-09-09T18:00:00-00:00,62.64
738,SYS_FCST_DA_MW,VEA-TAC,2025-09-09,4,2025-09-09T10:00:00-00:00,2025-09-09T11:00:00-00:00,43.53
739,SYS_FCST_DA_MW,VEA-TAC,2025-09-09,5,2025-09-09T11:00:00-00:00,2025-09-09T12:00:00-00:00,43.42
740,SYS_FCST_DA_MW,VEA-TAC,2025-09-09,14,2025-09-09T20:00:00-00:00,2025-09-09T21:00:00-00:00,83.37
741,SYS_FCST_DA_MW,VEA-TAC,2025-09-09,21,2025-09-10T03:00:00-00:00,2025-09-10T04:00:00-00:00,74.61
742,SYS_FCST_DA_MW,VEA-TAC,2025-09-09,22,2025-09-10T04:00:00-00:00,2025-09-10T05:00:00-00:00,66.56
743,SYS_FCST_DA_MW,VEA-TAC,2025-09-09,13,2025-09-09T19:00:00-00:00,2025-09-09T20:00:00-00:00,75.86
744,SYS_FCST_DA_MW,WALC,2025-09-09,5,2025-09-09T11:00:00-00:00,2025-09-09T12:00:00-00:00,697.42
745,SYS_FCST_DA_MW,WALC,2025-09-09,16,2025-09-09T22:00:00-00:00,2025-09-09T23:00:00-00:00,1167.1
746,SYS_FCST_DA_MW,WALC,2025-09-09,18,2025-09-10T00:00:00-00:00,2025-09-10T01:00:00-00:00,1184.28
747,SYS_FCST_DA_MW,WALC,2025-09-09,12,2025-09-09T18:00:00-00:00,2025-09-09T19:00:00-00:00,965.15
748,SYS_FCST_DA_MW,WALC,2025-09-09,8,2025-09-09T14:00:00-00:00,2025-09-09T15:00:00-00:00,759.6
749,SYS_FCST_DA_MW,WALC,2025-09-09,3,2025-09-09T09:00:00-00:00,2025-09-09T10:00:00-00:00,710.4
750,SYS_FCST_DA_MW,WALC,2025-09-09,23,2025-09-10T05:00:00-00:00,2025-09-10T06:00:00-00:00,847.53
751,SYS_FCST_DA_MW,WALC,2025-09-09,13,2025-09-09T19:00:00-00:00,2025-09-09T20:00:00-00:00,1032.18
752,SYS_FCST_DA_MW,WALC,2025-09-09,1,2025-09-09T07:00:00-00:00,2025-09-09T08:00:00-00:00,772.62
753,SYS_FCST_DA_MW,WALC,2025-09-09,14,2025-09-09T20:00:00-00:00,2025-09-09T21:00:00-00:00,1096.17
754,SYS_FCST_DA_MW,WALC,2025-09-09,11,2025-09-09T17:00:00-00:00,2025-09-09T18:00:00-00:00,896.41
755,SYS_FCST_DA_MW,WALC,2025-09-09,21,2025-09-10T03:00:00-00:00,2025-09-10T04:00:00-00:00,971
756,SYS_FCST_DA_MW,WALC,2025-09-09,20,2025-09-10T02:00:00-00:00,2025-09-10T03:00:00-00:00,1045.73
757,SYS_FCST_DA_MW,WALC,2025-09-09,15,2025-09-09T21:00:00-00:00,2025-09-09T22:00:00-00:00,1140.71
758,SYS_FCST_DA_MW,WALC,2025-09-09,24,2025-09-10T06:00:00-00:00,2025-09-10T07:00:00-00:00,789.75
759,SYS_FCST_DA_MW,WALC,2025-09-09,22,2025-09-10T04:00:00-00:00,2025-09-10T05:00:00-00:00,907.03
760,SYS_FCST_DA_MW,WALC,2025-09-09,19,2025-09-10T01:00:00-00:00,2025-09-10T02:00:00-00:00,1121.43
761,SYS_FCST_DA_MW,WALC,2025-09-09,7,2025-09-09T13:00:00-00:00,2025-09-09T14:00:00-00:00,732.5
762,SYS_FCST_DA_MW,WALC,2025-09-09,6,2025-09-09T12:00:00-00:00,2025-09-09T13:00:00-00:00,711.39
763,SYS_FCST_DA_MW,WALC,2025-09-09,4,2025-09-09T10:00:00-00:00,2025-09-09T11:00:00-00:00,698.21
764,SYS_FCST_DA_MW,WALC,2025-09-09,2,2025-09-09T08:00:00-00:00,2025-09-09T09:00:00-00:00,736.6
765,SYS_FCST_DA_MW,WALC,2025-09-09,17,2025-09-09T23:00:00-00:00,2025-09-10T00:00:00-00:00,1187.51
766,SYS_FCST_DA_MW,WALC,2025-09-09,10,2025-09-09T16:00:00-00:00,2025-09-09T17:00:00-00:00,830.81
767,SYS_FCST_DA_MW,WALC,2025-09-09,9,2025-09-09T15:00:00-00:00,2025-09-09T16:00:00-00:00,784.02
768,SYS_FCST_DA_MW,WALCAEPCO,2025-09-09,24,2025-09-10T06:00:00-00:00,2025-09-10T07:00:00-00:00,577.74
769,SYS_FCST_DA_MW,WALCAEPCO,2025-09-09,6,2025-09-09T12:00:00-00:00,2025-09-09T13:00:00-00:00,502.38
770,SYS_FCST_DA_MW,WALCAEPCO,2025-09-09,1,2025-09-09T07:00:00-00:00,2025-09-09T08:00:00-00:00,560.22
771,SYS_FCST_DA_MW,WALCAEPCO,2025-09-09,21,2025-09-10T03:00:00-00:00,2025-09-10T04:00:00-00:00,698.17
772,SYS_FCST_DA_MW,WALCAEPCO,2025-09-09,10,2025-09-09T16:00:00-00:00,2025-09-09T17:00:00-00:00,571.1
773,SYS_FCST_DA_MW,WALCAEPCO,2025-09-09,11,2025-09-09T17:00:00-00:00,2025-09-09T18:00:00-00:00,623.79
774,SYS_FCST_DA_MW,WALCAEPCO,2025-09-09,19,2025-09-10T01:00:00-00:00,2025-09-10T02:00:00-00:00,817.24
775,SYS_FCST_DA_MW,WALCAEPCO,2025-09-09,9,2025-09-09T15:00:00-00:00,2025-09-09T16:00:00-00:00,534.41
776,SYS_FCST_DA_MW,WALCAEPCO,2025-09-09,14,2025-09-09T20:00:00-00:00,2025-09-09T21:00:00-00:00,774.4
777,SYS_FCST_DA_MW,WALCAEPCO,2025-09-09,8,2025-09-09T14:00:00-00:00,2025-09-09T15:00:00-00:00,521.3
778,SYS_FCST_DA_MW,WALCAEPCO,2025-09-09,7,2025-09-09T13:00:00-00:00,2025-09-09T14:00:00-00:00,513.78
779,SYS_FCST_DA_MW,WALCAEPCO,2025-09-09,4,2025-09-09T10:00:00-00:00,2025-09-09T11:00:00-00:00,496.17
780,SYS_FCST_DA_MW,WALCAEPCO,2025-09-09,16,2025-09-09T22:00:00-00:00,2025-09-09T23:00:00-00:00,838.14
781,SYS_FCST_DA_MW,WALCAEPCO,2025-09-09,15,2025-09-09T21:00:00-00:00,2025-09-09T22:00:00-00:00,809.11
782,SYS_FCST_DA_MW,WALCAEPCO,2025-09-09,3,2025-09-09T09:00:00-00:00,2025-09-09T10:00:00-00:00,509.98
783,SYS_FCST_DA_MW,WALCAEPCO,2025-09-09,23,2025-09-10T05:00:00-00:00,2025-09-10T06:00:00-00:00,618.15
784,SYS_FCST_DA_MW,WALCAEPCO,2025-09-09,5,2025-09-09T11:00:00-00:00,2025-09-09T12:00:00-00:00,492.93
785,SYS_FCST_DA_MW,WALCAEPCO,2025-09-09,20,2025-09-10T02:00:00-00:00,2025-09-10T03:00:00-00:00,756.35
786,SYS_FCST_DA_MW,WALCAEPCO,2025-09-09,17,2025-09-09T23:00:00-00:00,2025-09-10T00:00:00-00:00,859.02
787,SYS_FCST_DA_MW,WALCAEPCO,2025-09-09,22,2025-09-10T04:00:00-00:00,2025-09-10T05:00:00-00:00,653.39
788,SYS_FCST_DA_MW,WALCAEPCO,2025-09-09,13,2025-09-09T19:00:00-00:00,2025-09-09T20:00:00-00:00,725.77
789,SYS_FCST_DA_MW,WALCAEPCO,2025-09-09,12,2025-09-09T18:00:00-00:00,2025-09-09T19:00:00-00:00,676.18
790,SYS_FCST_DA_MW,WALCAEPCO,2025-09-09,2,2025-09-09T08:00:00-00:00,2025-09-09T09:00:00-00:00,532.18
791,SYS_FCST_DA_MW,WALCAEPCO,2025-09-09,18,2025-09-10T00:00:00-00:00,2025-09-10T01:00:00-00:00,863.48
792,SYS_FCST_DA_MW,WALCDSW,2025-09-09,21,2025-09-10T03:00:00-00:00,2025-09-10T04:00:00-00:00,272.83
793,SYS_FCST_DA_MW,WALCDSW,2025-09-09,23,2025-09-10T05:00:00-00:00,2025-09-10T06:00:00-00:00,229.38
794,SYS_FCST_DA_MW,WALCDSW,2025-09-09,1,2025-09-09T07:00:00-00:00,2025-09-09T08:00:00-00:00,212.41
795,SYS_FCST_DA_MW,WALCDSW,2025-09-09,12,2025-09-09T18:00:00-00:00,2025-09-09T19:00:00-00:00,288.96
796,SYS_FCST_DA_MW,WALCDSW,2025-09-09,13,2025-09-09T19:00:00-00:00,2025-09-09T20:00:00-00:00,306.4
797,SYS_FCST_DA_MW,WALCDSW,2025-09-09,20,2025-09-10T02:00:00-00:00,2025-09-10T03:00:00-00:00,289.38
798,SYS_FCST_DA_MW,WALCDSW,2025-09-09,2,2025-09-09T08:00:00-00:00,2025-09-09T09:00:00-00:00,204.42
799,SYS_FCST_DA_MW,WALCDSW,2025-09-09,11,2025-09-09T17:00:00-00:00,2025-09-09T18:00:00-00:00,272.62
800,SYS_FCST_DA_MW,WALCDSW,2025-09-09,17,2025-09-09T23:00:00-00:00,2025-09-10T00:00:00-00:00,328.49
801,SYS_FCST_DA_MW,WALCDSW,2025-09-09,3,2025-09-09T09:00:00-00:00,2025-09-09T10:00:00-00:00,200.42
802,SYS_FCST_DA_MW,WALCDSW,2025-09-09,6,2025-09-09T12:00:00-00:00,2025-09-09T13:00:00-00:00,209.01
803,SYS_FCST_DA_MW,WALCDSW,2025-09-09,7,2025-09-09T13:00:00-00:00,2025-09-09T14:00:00-00:00,218.72
804,SYS_FCST_DA_MW,WALCDSW,2025-09-09,9,2025-09-09T15:00:00-00:00,2025-09-09T16:00:00-00:00,249.61
805,SYS_FCST_DA_MW,WALCDSW,2025-09-09,24,2025-09-10T06:00:00-00:00,2025-09-10T07:00:00-00:00,212.01
806,SYS_FCST_DA_MW,WALCDSW,2025-09-09,22,2025-09-10T04:00:00-00:00,2025-09-10T05:00:00-00:00,253.64
807,SYS_FCST_DA_MW,WALCDSW,2025-09-09,4,2025-09-09T10:00:00-00:00,2025-09-09T11:00:00-00:00,202.04
808,SYS_FCST_DA_MW,WALCDSW,2025-09-09,5,2025-09-09T11:00:00-00:00,2025-09-09T12:00:00-00:00,204.48
809,SYS_FCST_DA_MW,WALCDSW,2025-09-09,10,2025-09-09T16:00:00-00:00,2025-09-09T17:00:00-00:00,259.7
810,SYS_FCST_DA_MW,WALCDSW,2025-09-09,19,2025-09-10T01:00:00-00:00,2025-09-10T02:00:00-00:00,304.2
811,SYS_FCST_DA_MW,WALCDSW,2025-09-09,8,2025-09-09T14:00:00-00:00,2025-09-09T15:00:00-00:00,238.3
812,SYS_FCST_DA_MW,WALCDSW,2025-09-09,16,2025-09-09T22:00:00-00:00,2025-09-09T23:00:00-00:00,328.96
813,SYS_FCST_DA_MW,WALCDSW,2025-09-09,14,2025-09-09T20:00:00-00:00,2025-09-09T21:00:00-00:00,321.77
814,SYS_FCST_DA_MW,WALCDSW,2025-09-09,15,2025-09-09T21:00:00-00:00,2025-09-09T22:00:00-00:00,331.6
815,SYS_FCST_DA_MW,WALCDSW,2025-09-09,18,2025-09-10T00:00:00-00:00,2025-09-10T01:00:00-00:00,320.81
